Commercial Name,Processor Cores,Memory,SSD,Power,HDD
HP Desktop Pro G6 Microtower PC ENERGY STAR,0,0,128.0,180.0,500.0
HP Elite mt645 G7 Mobile Thin Client,4.0,16.0,0,0,0.0
HP Fortis x360 11 inch G4 Chromebook,0,16.0,0,45.0,0.0
HP Pro c645 Chromebook,2.0,16.0,0,0,0.0
HP Pro SFF 400 G9 Desktop PC,0.0,128.0,0,0,500.0
EliteBook 830 G8,4.0,64.0,0,65.0,0
HP EliteOne 840 23.8 inch G9 All-in-One Desktop PC,0,64.0,256.0,0,0.0
HP Elite x2 G4,4.0,16.0,0,65.0,0
HP t740 Thin Client,2.0,0,0.0,0,0.0
HP EliteOne 840 23.8 inch G9 All-in-One Desktop PC,0.0,64.0,0,240.0,0
HP Chromebook x360 12b,0,0,0.0,45.0,0.0
HP Chromebox Enterprise G4 ENERGY STAR,5.0,0,0,90.0,0.0
OMEN by HP 25L Gaming Desktop PC GT15 ENERGY STAR,12.0,0,512.0,600.0,0
HP EliteBook 860 16 inch G10 Notebook PC ENERGY STAR,4.0,64.0,0,0,0.0
HP EliteDesk 800 G6 Small Form Factor PC (ENERGY STAR),2.0,128.0,128.0,0,0
HP 470 G7 Notebook PC,0,16.0,128.0,0,0.0
HP Elite SFF 800 G9 Desktop PC,0,128.0,0,260.0,500.0
HP Elite c640 G3 Chromebook,0,16.0,128.0,45.0,0
HP EliteBook 865 16 inch G10 Notebook PC ENERGY STAR,4.0,0,0,65.0,0.0
HP Pro x360 Fortis 11 inch G11 Notebook PC (ENERGY STAR),4.0,0,0,65.0,0.0
HP EliteBook 860 16 inch G10 Notebook PC ENERGY STAR,0,64.0,256.0,65.0,0
HP 255 G9 Notebook PC,2.0,16.0,0,0,0.0
HP Spectre x360 2-in-1 Laptop 14t-ef ENERGY STAR,0,16.0,1000.0,0,0.0
HP Elite Dragonfly 13.5 inch G3 Notebook PC,6.0,0,128.0,0,0.0
HP Z2 Tower G9 Workstation Desktop PC,0,128.0,256.0,0,500.0
HP t430 Thin Client,0,0,0.0,45.0,0.0
EliteBook 855 G8,0,0,128.0,65.0,0.0
HP ProOne 440 23.8 inch G9 All-in-One Desktop PC,0.0,64.0,0,120.0,0
EliteBook 850 G7,4.0,0,128.0,65.0,0
EliteBook 855 G8,0,64.0,128.0,65.0,0
