Commercial Name,ACT_carbon
EliteBook 855 G7,3.968
HP Spectre x360 2-in-1 Laptop 14t-ef ENERGY STAR,31.0
HP ProBook 445 14 inch G9 Notebook PC,3.968
HP Elite Mini 600 G9 Desktop PC,7.936
HP Z6 G4 Workstation,7.44
HP Elite c645 14 inch G2 Chromebook,3.968
HP EliteBook 840 G8 Notebook PC ENERGY STAR,3.968
HP Elite SFF 800 G9 Desktop PC,7.936
HP EliteBook 845 14 inch G10 Notebook PC ENERGY STAR,7.936
HP Fortis 14” G10 Chromebook,0.0
HP ProOne 240 23.8 inch G9 All-in-One Desktop PC,7.936
HP ProDesk 405 G6 Small Form Factor PC ENERGY STAR,3.968
HP Fortis 11 inch G9 Chromebook Enterprise,0.0
HP Z6 G4 Workstation,7.44
HP Pro Mini 400 G9 Desktop PC,7.936
HP EliteBook 830 G9 Notebook PC,3.968
HP Spectre x360 16 inch 2-in-1 Laptop PC,31.0
HP Chromebook x360 12b,0.0
HP t640 Thin Client,0.0
HP Elite x360 1040 14 inch G9 2-in-1Notebook PC,7.936
HP Pro x360 Fortis 11 inch G11 Notebook PC (ENERGY STAR),7.936
HP ProBook 440 14 inch G10 Notebook PC ENERGY STAR,3.968
HP Z4 G4 Workstation,7.44
HP t638 Thin Client,0.0
OMEN by HP 25L Gaming Desktop PC GT15 ENERGY STAR,15.872
HP EliteBook 1040 14  inch G9 Notebook PC,3.968
HP EliteBook 830 13 inch G10 Notebook PC ENERGY STAR,7.936
HP ProBook 445 14 inch G9 Notebook PC,3.968
OMEN by HP 40L Gaming Desktop PC GT21,15.872
HP EliteBook 830 G9 Notebook PC,3.968
