Company,Category,Carbon Filename,Specs Filename,Model,PCF,Processor Cores,RAM,SSD,HDD,Power,Display,Product weight,Lifetime,Use energy demand,Use location,Final manufacturing location,Manufacturing Percentage,Distribution Percentage,Use Percentage,End of Life Percentage,Manufacturing,Mainboard and other boards Carbon Footprint,Chassis Carbon Footprint,Solid State Drive (SSD) Carbon Footprint,Power Supply Unit & External Cables Carbon Footprint,Others* Carbon Footprint,External components (Keyboard & Mouse) Carbon Footprint,Packaging Carbon Footprint,Batteries Carbon Footprint,ODD Carbon Footprint,Hard Drive (HDD) Carbon Footprint,Display Carbon Footprint
HP,,c07525117.pdf,4AA7-7765ENUC.pdf,EliteBook 855 G7,190,4,32,128,,65,15.6,2.1,4,14.1,North America,China,0.77,0.07,0.16,,146.3,58.52,13.167,29.26,4.389,2.926,,1.463,5.852,,,32.186
HP,,c08559304.pdf,c08488496.pdf,HP ProBook 440 14 inch G10 Notebook PC ENERGY STAR,175,,32,128,,65,14,1.7,4,23.89,North America,China,0.65,0.06,0.29,,113.75,36.4,6.93875,28.8925,3.8675,3.52625,,0.56875,4.66375,,,28.8925
HP,,c07836073.pdf,c08379433.pdf,OMEN by HP 40L Gaming Desktop PC GT21,654,12,16,512,1000,600,,14.7,5,131.79,North America,China,0.45,,0.54,0.01,294.3,138.321,40.9077,57.0942,35.6103,12.3606,,5.5917,0.2943,,,
HP,,c08377686.pdf,c08320963.pdf,HP 34 inch All-in-One Desktop PC,5550,,128,256,,330,34,12.8,5,118.38,North America,China,0.94,,0.06,,5217,161.727,41.736,140.859,10.434,4742.253,5.217,5.217,,,,109.557
HP,,c08398201.pdf,c08829277.pdf,HP Fortis 11 inch G9 Q Chromebook,138,4,16,,,45,11.6,1.4,4,9.88,North America,China,0.77,0.07,0.15,0.01,106.26,67.15632,3.82536,,3.1878,2.33772,,0.42504,5.41926,,,24.01476
HP,,c08295274.pdf,c08015285.pdf,HP Pro SFF 400 G9 Desktop PC,651,,128,256,500,260,,5.4,5,54.28,North America,China,0.73,,0.27,,475.23,188.66631,16.63305,221.45718,11.88075,6.65322,3.80184,2.37615,,,21.38535,
HP,,c07524703.pdf,c08384517.pdf,HP ProDesk 400 G6 Desktop Mini PC (ENERGY STAR),220,2,64,128,500,65,,2.21,5,40.09,North America,China,0.5,,0.49,0.01,110,60.5,4.4,28.6,4.4,5.5,4.4,1.1,,,3.3,
HP,,c07525216.pdf,4AA7-0828ENUC.pdf,HP Z6 G4 Workstation,754,4,512,240,,1000,,14.8,5,165.28,North America,China,0.4,,0.59,0.01,301.6,107.068,69.368,56.3992,46.4464,15.6832,,2.1112,,,,
HP,,c07780132.pdf,c08320963.pdf,HP 27 inch All-in-One Desktop PC 27-cb,420,,128,256,,330,27,7.5,5,70.91,North America,China,0.53,0.01,0.45,0.01,222.6,46.746,12.0204,56.9856,4.0068,8.0136,3.339,4.2294,,,3.7842,83.475
HP,,c07525034.pdf,4AA7-8339ENUC.pdf,HP ProBook 430 G8 Notebook PC ENERGY STAR,195,2,32,128,,65,13.3,1.5,4,14.48,North America,China,0.79,0.05,0.16,,154.05,52.377,6.162,56.9985,4.6215,3.081,,,4.6215,,,27.729
HP,,c08554054.pdf,c08488524.pdf,HP ProBook 450 15.6 inch G10 Notebook PC ENERGY STAR,168,,32,128,,65,15.6,1.9,4,16.03,North America,China,0.72,0.07,0.2,0.01,120.96,36.52992,10.40256,28.90944,3.87072,3.6288,,0.72576,4.59648,,,32.29632
HP,,c07524588.pdf,4AA7-9249ENUC.pdf,HP ProDesk 400 G7 Microtower PC (ENERGY STAR),415,2,64,128,500,260,,5.89,5,53.98,North America,China,0.64,,0.35,0.01,265.6,151.392,18.592,55.776,10.624,5.312,2.656,2.656,,2.656,13.28,
HP,,c08398207.pdf,c08086557.pdf,HP ProOne 240 23.8 inch G9 All-in-One Desktop PC,361,,64,256,500,120,23.8,6.1,5,72.16,North America,China,0.45,,0.54,0.01,162.45,40.77495,16.40745,28.5912,3.8988,6.498,3.41145,2.2743,,,,60.59385
HP,,c07525179.pdf,4AA7-9683ENUC.pdf,EliteBook 835 G8,170,4,64,128,,65,13.3,1.6,4,21.2,North America,China,0.67,0.06,0.26,0.01,113.9,39.865,6.834,28.475,3.417,3.417,,1.139,4.556,,,26.197
HP,,c08146379.pdf,c08015285.pdf,HP Elite Tower 680 G9 Desktop PC,517,,128,256,500,260,,7.5,5,100.82,North America,China,0.47,,0.52,0.01,242.99,133.88749,21.8691,56.85966,15.79435,8.26166,3.64485,2.67289,,,,
HP,,c07836074.pdf,c08379433.pdf,OMEN by HP 45L Gaming Desktop PC GT22,694,12,16,512,1000,600,,19.4,5,131.79,North America,China,0.48,,0.51,0.01,333.12,138.57792,58.296,57.29664,35.97696,32.64576,,6.6624,,,,
HP,,c07525065.pdf,4AA7-8959ENUC.pdf,EliteBook 830 G8,190,4,64,128,,65,13.3,1.6,4,24.44,North America,China,0.67,0.05,0.27,0.01,127.3,52.193,7.638,28.006,3.819,2.546,,1.273,5.092,,,26.733
HP,,c08520664.pdf,c08547125.pdf,HP EliteBook 645 14 inch G10 Notebook PC ENERGY STAR,201,4,64,256,,65,14,1.8,4,17.02,North America,China,0.76,0.06,0.18,,152.76,74.39412,8.55456,28.71888,3.819,3.51348,,0.61104,4.5828,,,28.56612
HP,,c08044153.pdf,c08379435.pdf,Victus by HP 15L TG02 Gaming Desktop PC,493,12,16,512,1000,500,,6.4,5,103.45,North America,China,0.43,,0.56,0.01,211.99,163.44429,18.65512,,15.89925,7.84363,,2.54388,,,,
HP,,c08170274.pdf,4AA7-7333ENUC.pdf,HP 256 G9 Notebook PC,194,2,16,128,,65,15.6,2.2,4,17.06,North America,China,0.73,0.08,0.19,,141.62,48.00918,6.79776,28.89048,6.23128,5.23994,,0.7081,4.53184,,9.06368,32.28936
HP,,c08417685.pdf,4AA7-6212ENUC.pdf,HP 247 G8 Notebook PC,238,2,16,128,,65,14,1.8,4,20.3,North America,China,0.77,0.05,0.18,,183.26,81.91722,4.03172,56.8106,3.84846,2.93216,,0.36652,4.5815,,,28.58856
HP,,c08568444.pdf,c08547125.pdf,HP EliteBook 840 14 inch G10 Notebook PC ENERGY STAR,325,4,64,256,,65,14,1.8,4,21.16,North America,China,0.83,0.03,0.14,,269.75,98.7285,13.4875,114.10425,3.7765,3.7765,,0.5395,5.66475,,,29.6725
HP,,c08360693.pdf,4AA7-3997ENUC.pdf,HP Chromebook x360 12b,175,2,16,,,45,12,1.5,4,9.46,North America,China,0.82,0.06,0.12,,143.5,46.781,5.3095,56.539,3.3005,2.296,,0.574,4.018,,,24.682
HP,,c07525201.pdf,4AA7-2899ENUC.pdf,HP t240 Thin Client,78,2,4,,,45,,1.1,5,15.1,North America,China,0.47,0.01,0.51,0.01,36.66,23.71902,2.5662,,2.16294,3.62934,4.14258,0.40326,,,,
HP,,c07524586.pdf,4AA7-8363ENUC.pdf,HP Chromebox G3 ENERGY STAR,130,2,16,128,,90,,0.94,5,21.37,North America,China,0.56,,0.44,,72.8,46.592,2.184,14.56,3.64,4.368,,0.728,,,,
HP,,c07525214.pdf,4AA7-0828ENUC.pdf,HP Z6 G4 Workstation,754,4,512,240,,1000,,14.8,5,165.28,North America,China,0.4,,0.59,0.01,301.6,107.068,69.368,56.3992,46.4464,15.6832,,2.1112,,,,
HP,,c08705853.pdf,c08651950.pdf,HP Chromebox G4 ENERGY STAR,150,5,32,256,,90,,1,5,18.91,North America,China,0.66,,0.34,,99,57.42,1.98,29.7,4.95,3.96,,0.396,,,,
HP,,c08173120.pdf,4AA7-7333ENUC.pdf,HP 255 G9 Notebook PC,230,2,16,128,,65,15.6,2.2,4,18.81,North America,China,0.75,0.07,0.18,,172.5,79.35,6.7275,28.635,6.21,5.175,,0.69,4.485,,8.97,32.085
HP,,c08468414.pdf,c08858059.pdf,HP Spectre x360 2-in-1 Laptop 14t-ef ENERGY STAR,482,16,16,1000,,65,13.5,1.6,4,18.39,North America,China,0.88,0.04,0.08,,424.16,151.00096,8.05904,220.98736,3.81744,2.96912,,2.1208,6.78656,,,27.5704
HP,,c08012571.pdf,c08829277.pdf,HP Fortis x360 11 inch G4 Chromebook,182,4,16,,,45,11,1.7,4,12.3,North America,China,0.8,0.06,0.14,,145.6,48.776,4.5136,57.0752,3.9312,2.3296,,0.4368,5.3872,,,23.1504
HP,,c07525061.pdf,4AA7-8959ENUC.pdf,HP EliteBook 840 G8 Notebook PC ENERGY STAR,210,4,64,128,,65,14,1.7,4,20.04,North America,China,0.74,0.05,0.21,,155.4,48.174,7.77,57.498,4.662,3.108,,0.6216,4.662,,,29.526
HP,,c08569174.pdf,c08114571.pdf,HP Elite x360 1040 14 inch G10 2-in-1 Notebook PC ENERGY STAR,217,10,16,256,,65,14,1.6,4,16.38,North America,China,0.79,0.05,0.16,,171.43,64.62911,7.71435,56.74333,4.11432,2.91431,,0.51429,5.48576,,,29.31453
HP,,c07525199.pdf,4AA7-0433ENUC.pdf,HP t430 Thin Client,84,,16,,,45,,1.4,5,13.62,North America,China,0.55,0.01,0.43,0.01,46.2,25.2252,1.3398,7.623,3.234,3.696,4.5276,0.5544,,,,
HP,,c08173101.pdf,4AA7-6212ENUC.pdf,HP 250 G9 Notebook PC,194,2,16,128,,65,15.6,2.2,4,17.06,North America,China,0.73,0.08,0.19,,141.62,48.00918,6.79776,28.89048,6.23128,5.23994,,0.7081,4.53184,,9.06368,32.28936
HP,,c08667152.pdf,c08547123.pdf,HP EliteBook 835 13 inch G10 Notebook PC ENERGY STAR,235,4,32,256,,65,13.3,1.72,4,17.98,North America,China,0.79,0.05,0.16,,185.65,76.1165,11.139,57.5515,3.713,3.713,,0.55695,5.5695,,,27.8475
HP,,c08705852.pdf,c08651984.pdf,HP Chromebox Enterprise G4 ENERGY STAR,150,5,32,256,,90,,1,5,18.91,North America,China,0.66,,0.34,,99,57.42,1.98,29.7,4.95,3.96,,0.396,,,,
HP,,c08278487.pdf,c08180802.pdf,HP Elite c645 14 inch G2 Chromebook,212,4,16,128,,65,14,1.9,4,16.49,North America,China,0.77,0.06,0.17,,163.24,55.99132,8.9782,56.97076,3.2648,3.10156,,0.48972,5.55016,,,28.73024
HP,,c08170567.pdf,c08015285.pdf,HP Elite Tower 880 G9 Desktop PC,894,,128,256,500,260,,7.5,5,100.82,North America,China,0.7,,0.3,,625.8,332.2998,21.903,222.7848,16.2708,8.7612,3.7548,2.5032,,,15.645,
HP,,c08579847.pdf,c08547128.pdf,HP EliteBook 860 16 inch G10 Notebook PC ENERGY STAR,391,4,64,256,,65,16,2.4,4,18.42,North America,China,0.86,0.04,0.1,,336.26,151.65326,15.80422,113.65588,7.39772,4.03512,,0.67252,8.74276,,,33.96226
HP,,c08060113.pdf,c08320963.pdf,HP 23.8 inch All-in-One Desktop PC 24-ck,506,,128,256,,330,23.8,7.1,5,56.25,North America,China,0.69,,0.3,0.01,349.14,46.43562,38.75454,185.0442,3.84054,8.37936,3.14226,2.09484,,,,61.0995
HP,,c07525202.pdf,4AA7-2899ENUC.pdf,HP t740 Thin Client,274,2,4,,,45,,2.3,5,57.35,North America,China,0.44,,0.56,,120.56,93.55456,4.70184,7.71584,5.30464,4.09904,4.46072,0.6028,,,,
HP,,c08207985.pdf,c08114571.pdf,HP Elite x360 1040 14 inch G9 2-in-1Notebook PC,196,10,16,256,,65,14,1.6,4,16.38,North America,China,0.77,0.05,0.18,,150.92,65.04652,16.29936,28.82572,3.92392,3.0184,,0.60368,4.67852,,,28.82572
HP,,c08259067.pdf,4AA7-8890ENUC.pdf,HP Pro mt440 G3 Mobile Thin Client,167,4,8,,,45,14,1.7,4,13.78,North America,China,0.76,0.06,0.18,,126.92,49.4988,7.6152,28.93776,3.93452,3.04608,,0.6346,4.56912,,,28.81084
HP,,c07524581.pdf,4AA7-7742ENUC.pdf,HP EliteDesk 805 G6 Desktop Mini PC ENERGY STAR,230,2,64,128,500,65,,2.39,5,43.86,North America,China,0.49,,0.51,,112.7,60.858,4.508,29.302,5.635,4.508,4.508,1.127,,,3.381,
HP,,c08442755.pdf,4AA7-2899ENUC.pdf,HP Pro t550 Thin Client,166,2,4,,,45,,1.9,5,26.61,North America,China,0.56,,0.43,0.01,92.96,45.82928,6.87904,28.53872,3.43952,3.90432,3.53248,0.74368,,,,
HP,,c08559371.pdf,c08114569.pdf,HP EliteBook 650 15.6 inch G10 Notebook PC ENERGY STAR,176,10,64,128,,65,15.6,2,4,19.24,North America,China,0.69,0.07,0.23,0.01,121.44,36.18912,11.41536,28.78128,3.88608,3.6432,,0.72864,4.61472,,,32.1816
HP,,c07524713.pdf,4AA7-7742ENUC.pdf,HP EliteDesk 800 G6 Desktop Mini PC(ENERGY STAR),250,2,64,128,500,65,,2.3,5,40.09,North America,China,0.56,,0.43,0.01,140,88.2,4.2,29.4,5.6,5.6,4.2,,,,2.8,
HP,,c07524626.pdf,4AA7-9174ENUC.pdf,HP Desktop Pro G6 Microtower PC ENERGY STAR,560,2,64,128,500,180,,6.11,5,112.96,North America,China,0.46,,0.54,,257.6,139.104,15.456,56.672,10.304,7.728,2.576,2.576,,2.576,20.608,
HP,,c07525181.pdf,4AA7-9686ENUC.pdf,EliteBook 855 G8,200,4,64,128,,65,15.6,2,4,21.55,North America,China,0.7,0.06,0.23,0.01,140,54.6,11.2,28,4.2,2.8,,1.4,5.6,,,32.2
HP,,c08417690.pdf,c08286377.pdf,HP Elite mt645 G7 Mobile Thin Client,161,4,16,128,,65,14,1.7,4,17.02,North America,China,0.7,0.07,0.23,,112.7,35.9513,7.5509,28.6258,3.8318,2.9302,,0.5635,4.6207,,,28.5131
HP,,c07888371.pdf,c08858059.pdf,HP Spectre x360 16 inch 2-in-1 Laptop PC,264,16,16,1000,,65,16,2.8,4,26.41,North America,China,0.69,0.09,0.21,0.01,182.16,49.36536,19.67328,57.01608,9.108,4.37184,,1.8216,7.46856,,,33.15312
HP,,c08170791.pdf,4AA7-9823ENUC.pdf,HP Z2 Tower G9 Workstation Desktop PC,680,6,128,256,500,350,,7.6,5,170.26,North America,China,0.32,,0.67,0.01,217.6,98.7904,25.2416,56.1408,19.584,8.9216,3.4816,3.264,,1.9584,,
HP,,c08546038.pdf,c08829280.pdf,HP Fortis x360 11 inch G3 J Chromebook ENERGY STAR,134,4,16,,,45,11.6,1.6,4,16.41,North America,China,0.65,0.08,0.26,0.01,87.1,40.8499,3.9195,7.5777,3.3969,2.3517,,0.3484,4.6163,,,23.9525
HP,,c08295355.pdf,c08015289.pdf,HP Pro Tower 400 G9 PCI Desktop PC,841,,64,256,500,180,,7.02,5,56.87,North America,China,0.65,,0.34,0.01,546.65,194.6074,19.6794,219.7533,12.57295,8.7464,3.82655,2.73325,,,85.2774,
HP,,c08739581.pdf,4AA7-9248ENUC.pdf,HP ProDesk 600 G6 PCI Microtower PC (ENERGY STAR ),495,2,128,128,500,260,,6.46,5,110.91,North America,China,0.39,,0.6,0.01,193.05,84.942,19.305,55.9845,15.444,5.7915,3.861,1.9305,,1.9305,,
HP,,c08680533.pdf,c08547125.pdf,HP EliteBook 845 14 inch G10 Notebook PC ENERGY STAR,260,4,64,256,,65,14,1.7,4,18.66,North America,China,0.8,0.04,0.16,,208,97.76,10.4,58.24,4.16,4.16,,0.624,4.16,,,29.12
HP,,c07856928.pdf,4AA7-3997ENUC.pdf,HP Chromebook x2 11,174,2,16,,,45,11,1.2,4,14.08,North America,China,0.76,0.06,0.17,0.01,132.24,35.0436,6.08304,56.8632,3.17376,3.9672,,0.79344,3.306,,,23.00976
HP,,c07802768.pdf,c08320963.pdf,HP 23.8 inch All-in-One Desktop PC 24-cb,819,,128,256,,330,23.8,5.8,5,72.16,North America,China,0.72,0.02,0.24,0.02,589.68,52.48152,15.33168,56.60928,2.35872,30.07368,,2.35872,,,,60.73704
HP,,c08012570.pdf,c08829280.pdf,HP Fortis x360 11 inch G4 Chromebook Enterprise,182,4,16,,,45,11,1.7,4,12.3,North America,China,0.8,0.06,0.14,,145.6,48.776,4.5136,57.0752,3.9312,2.3296,,0.4368,5.3872,,,23.1504
HP,,c07524701.pdf,4AA7-7740ENUC.pdf,HP ProDesk 400 G7 Small Form Factor PC (ENERGY STAR),440,2,64,128,500,180,,5.08,5,70.38,North America,China,0.56,,0.43,0.01,246.4,172.48,12.32,29.568,12.32,9.856,4.928,2.464,,2.464,2.464,
HP,,c08247275.pdf,4AA7-8890ENUC.pdf,HP Pro mt440 G3 Mobile Thin Client,167,4,8,,,45,14,1.7,4,13.78,North America,China,0.76,0.06,0.18,,126.92,49.4988,7.6152,28.93776,3.93452,3.04608,,0.6346,4.56912,,,28.81084
HP,,c07525222.pdf,4AA7-8276ENUC.pdf,HP ZCentral 4R Workstation ENERGY STAR,1020,4,256,240,,675,,9.94,5,266,North America,China,0.3,,0.7,,306,168.3,42.84,58.14,12.24,6.12,,3.06,,,12.24,
HP,,c07525212.pdf,4AA7-0828ENUC.pdf,HP Z4 G4 Workstation,567,4,512,240,,1000,,12.04,5,117.1,North America,China,0.44,,0.55,0.01,249.48,104.28264,51.39288,57.13092,18.21204,11.72556,4.49064,2.24532,,,,
HP,,c08060140.pdf,c08379433.pdf,OMEN by HP 25L Gaming Desktop PC GT15 ENERGY STAR,680,12,16,512,1000,600,,11.9,5,112.47,North America,China,0.55,,0.44,0.01,374,87.89,29.92,221.782,15.708,10.472,3.74,4.114,,,,
HP,,c07989121.pdf,c08829277.pdf,HP Fortis 11 inch G9 Chromebook,180,4,16,,,45,11,1.52,4,11.6,North America,China,0.8,0.06,0.14,,144,44.352,5.616,57.168,6.192,2.448,,0.432,4.608,,,23.184
HP,,c08146377.pdf,c08015285.pdf,HP Elite Mini 800 G9 Desktop PC,285,,128,256,500,260,,2.4,5,54.03,North America,China,0.49,,0.51,,139.65,60.3288,5.0274,57.2565,7.68075,5.0274,3.77055,0.5586,,,,
HP,,c07525063.pdf,4AA7-9114ENUC.pdf,EliteBook 850 G8,210,4,64,128,,65,15.6,2.2,4,26.1,North America,China,0.67,0.06,0.26,0.01,140.7,56.28,11.256,28.14,4.221,2.814,,1.407,5.628,,,30.954
HP,,c07645376.pdf,4AA7-9304ENUC.pdf,HP Chromebook 14b,184,2,8,,,45,14,1.7,4,13.19,North America,China,0.79,0.06,0.15,,145.36,43.75336,3.19792,57.12648,3.92472,2.32576,,0.58144,5.66904,,,28.78128
HP,,c08488349.pdf,c08415747.pdf,HP Pro x360 Fortis 11 inch G11 Notebook PC (ENERGY STAR),374,4,16,256,,65,11.6,1.7,4,11.59,North America,China,0.9,0.03,0.07,,336.6,268.2702,4.3758,28.611,3.0294,2.3562,,0.3366,5.3856,,,23.8986
HP,,c08079482.pdf,4AA7-6751ENUC.pdf,HP ProBook 455 15.6 inch G9 Notebook PC,161,4,32,128,,65,15.6,1.9,4,13.27,North America,China,0.73,0.08,0.18,0.01,117.53,29.97015,14.45619,28.67732,3.87849,3.17331,,0.70518,4.58367,,,32.08569
HP,,c07524585.pdf,4AA7-9247ENUC.pdf,HP ProDesk 405 G6 Small Form Factor PC ENERGY STAR,465,4,64,128,500,180,,5.2,5,78.7,North America,China,0.54,,0.45,0.01,251.1,163.215,12.555,30.132,12.555,10.044,5.022,2.511,,2.511,15.066,
HP,,c08072916.pdf,4AA7-6762ENUC.pdf,HP Fortis 14” G10 Chromebook Enterprise,167,2,16,,,65,14,1.8,4,14.56,North America,China,0.73,0.07,0.19,0.01,121.91,60.58927,6.82696,14.50729,3.16966,2.4382,,0.48764,5.24213,,,28.40503
HP,,c08356592.pdf,4AA7-6761ENUC.pdf,HP Pro c645 Chromebook,206,2,16,,,65,14,1.7,4,22.81,North America,China,0.71,0.05,0.24,,146.26,43.73174,3.21772,57.18766,4.09528,3.07146,,0.58504,5.55788,,,28.81322
HP,,c08496371.pdf,c08859462.pdf,HP Elite t655 Thin Client,269,6,32,,,90,,1.9,5,26.03,North America,China,0.7,0.02,0.26,0.02,188.3,48.958,3.3894,28.4333,4.3309,9.7916,92.6436,0.7532,,,,
HP,,c08155361.pdf,c08124738.pdf,HP EliteOne 870 27 inch G9 All-in-One Desktop PC,559,,64,256,,240,27,12.2,5,101.38,North America,China,0.5,0.01,0.49,,279.5,103.415,32.7015,28.509,12.5775,11.18,3.6335,1.9565,,,,84.968
HP,,c08079481.pdf,4AA7-6752ENUC.pdf,HP ProBook 445 14 inch G9 Notebook PC,185,4,32,128,,65,15.6,1.7,4,13.93,North America,China,0.77,0.07,0.16,,142.45,30.05695,11.25355,56.98,3.84615,3.1339,,0.5698,4.5584,,,32.1937
HP,,c07989120.pdf,c08829278.pdf,HP Fortis 11 inch G9 Chromebook Enterprise,180,4,16,,,45,11,1.52,4,11.6,North America,China,0.8,0.06,0.14,,144,44.352,5.616,57.168,6.192,2.448,,0.432,4.608,,,23.184
HP,,c08221678.pdf,c08198731.pdf,HP Elite Dragonfly 13.5 inch G3 Notebook PC,280,6,32,128,,65,13.5,1.6,4,20.4,North America,China,0.81,0.04,0.15,,226.8,109.0908,12.474,57.1536,7.4844,3.1752,,0.4536,7.4844,,,29.2572
HP,,c08678333.pdf,c08547128.pdf,HP EliteBook 865 16 inch G10 Notebook PC ENERGY STAR,490,4,64,256,,65,16,2.34,4,18.53,North America,China,0.88,0.04,0.08,,431.2,73.304,12.936,224.224,8.624,4.312,,0.8624,8.624,,,99.176
HP,,c08155360.pdf,c08124739.pdf,HP EliteOne 840 23.8 inch G9 All-in-One Desktop PC,506,,64,256,,240,23.8,9.8,5,90.98,North America,China,0.51,,0.48,0.01,258.06,105.03042,28.90272,28.90272,12.903,10.06434,3.8709,4.38702,,,,63.99888
HP,,c07525029.pdf,4AA7-5137ENUC.pdf,HP Elite x2 G4,199,4,16,128,,65,13,1.1,4,21.04,North America,China,0.72,0.05,0.23,,143.28,42.84072,4.2984,56.45232,3.86856,2.43576,,0.7164,4.58496,,,27.9396
HP,,c08424454.pdf,4AA7-2899ENUC.pdf,HP t640 Thin Client,192,2,4,,,45,,2,5,37.85,North America,China,0.46,,0.53,0.01,88.32,57.49632,3.9744,14.5728,3.17952,3.88608,4.32768,0.79488,,,,
HP,,c08479234.pdf,4AA7-6212ENUC.pdf,HP 245 G9 Notebook PC,196,2,16,128,,65,14,1.7,4,16.33,North America,China,0.75,0.07,0.18,,147,71.001,3.969,28.812,6.321,3.087,,0.735,4.41,,,28.665
HP,,c08218907.pdf,4AA7-9116ENUC.pdf,HP EliteBook 830 G9 Notebook PC,282,4,32,128,,65,13.3,1.6,4,16.45,North America,China,0.84,0.04,0.12,,236.88,75.56472,10.89648,110.85984,3.31632,3.07944,,0.47376,5.44824,,,27.2412
HP,,c07525116.pdf,4AA7-7764ENUC.pdf,EliteBook 845 G7,180,4,32,128,,65,14,1.8,4,19.79,North America,China,0.7,0.06,0.24,,126,46.62,10.08,28.98,3.78,2.52,,1.26,5.04,,,28.98
HP,,c07525040.pdf,4AA7-8890ENUC.pdf,HP mt32 Mobile Thin Client ENERGY STAR,200,4,8,,,45,,1.5,5,20.09,North America,China,0.74,0.05,0.21,,148,69.56,10.36,28.12,4.44,2.96,,,4.44,,,26.64
HP,,c08482389.pdf,4AA7-9109ENUC.pdf,HP EliteBook 1040 14  inch G9 Notebook PC,234,4,64,128,,65,14,1.5,4,21.16,North America,China,0.77,0.04,0.19,,180.18,67.20714,15.3153,57.29724,3.24324,3.06306,,0.54054,4.5045,,,28.8288
HP,,c08247379.pdf,4AA7-9109ENUC.pdf,HP ProBook 450 G9 Notebook PC,180,4,64,128,,65,15.6,1.9,4,16.03,North America,China,0.74,0.07,0.19,,133.2,49.284,10.3896,28.9044,3.8628,3.0636,,0.7992,4.662,,,32.2344
HP,,c07525091.pdf,4AA7-6812ENUC.pdf,EliteBook 850 G7,200,4,64,128,,65,15.6,2.1,4,19.96,North America,China,0.72,0.06,0.21,0.01,144,57.6,12.96,28.8,4.32,2.88,,1.44,5.76,,,31.68
HP,,c08559367.pdf,4AA7-0828ENUC.pdf,HP Z8 G5 Workstation,3886,4,512,240,,1000,,25.54,5,942.91,North America,China,0.35,,0.65,,1360.1,231.217,81.606,884.065,40.803,27.202,2.7202,2.7202,,2.7202,,
HP,,c07525115.pdf,4AA7-7763ENUC.pdf,EliteBook 835 G7,170,4,32,128,,65,13.3,1.7,4,19.74,North America,China,0.69,0.06,0.25,,117.3,52.785,8.211,29.325,3.519,3.519,,1.173,4.692,,,14.076
HP,,c08202127.pdf,c08015285.pdf,HP Elite Tower 800 G9 Desktop PC,894,,128,256,500,260,,7.5,5,100.82,North America,China,0.7,,0.3,,625.8,332.2998,21.903,222.7848,16.2708,8.7612,3.7548,2.5032,,,15.645,
HP,,c07525098.pdf,4AA7-8890ENUC.pdf,HP mt22 mobile thin client,180,4,8,,,45,,1.98,5,17.85,North America,China,0.72,0.06,0.21,0.01,129.6,50.544,9.072,28.512,3.888,3.888,,,3.888,,,28.512
HP,,c07524592.pdf,4AA7-7943ENUC.pdf,HP EliteDesk 800 G6 Small Form Factor PC (ENERGY STAR),380,2,128,128,500,260,,5.7,5,87.4,North America,China,0.38,,0.61,0.01,144.4,86.64,17.328,,12.996,5.776,2.888,1.444,,2.888,14.44,
HP,,c08481388.pdf,4AA7-3997ENUC.pdf,HP Chromebook x360 13.3 inch,205,2,16,,,45,13.3,1.6,4,12.99,North America,China,0.81,0.05,0.14,,166.05,123.8733,4.15125,,3.15495,2.3247,,0.49815,4.81545,,,27.2322
HP,,c07525064.pdf,4AA7-7613ENUC.pdf,HP ZBook Firefly 15 G8,240,4,64,256,,65,15.6,2.02,4,26.1,North America,China,0.71,0.06,0.23,,170.4,56.232,11.928,56.232,3.408,3.7488,,0.852,5.112,,,32.376
HP,,c07525060.pdf,4AA7-9116ENUC.pdf,HP EliteBook x360 830 G8 Notebook PC,240,4,32,128,,65,13.3,1.64,4,17.65,North America,China,0.79,0.05,0.16,,189.6,79.632,11.376,56.88,3.792,3.792,,,5.688,,,26.544
HP,,c08417686.pdf,4AA7-6212ENUC.pdf,HP 470 G7 Notebook PC,259,2,16,128,,65,17.3,2.7,4,19.74,North America,China,0.78,0.06,0.16,,202.02,82.62618,7.0707,57.37368,3.83838,3.23232,,0.40404,4.44444,,,36.3636
HP,,c08295166.pdf,c08015293.pdf,HP Pro Mini 400 G9 Desktop PC,243,,64,256,500,90,,2.4,5,28.3776,North America,China,0.4,,0.59,0.01,97.2,45.7812,4.9572,28.674,5.4432,4.9572,3.6936,0.5832,0.0972,,3.1104,
HP,,c08579853.pdf,c08547123.pdf,HP EliteBook 830 13 inch G10 Notebook PC ENERGY STAR,225,4,32,256,,65,13.3,1.7,4,16.45,North America,China,0.79,0.05,0.16,,177.75,75.18825,5.15475,56.34675,3.9105,3.37725,,0.53325,5.51025,,,27.729
HP,,c08417687.pdf,4AA7-9184ENUC.pdf,HP Chromebook 11 G8 Education Edition,106,8,8,,,45,11.6,1.5,4,10.3,North America,China,0.7,0.09,0.21,,74.2,31.6092,3.5616,4.1552,3.1906,2.3002,,0.5194,4.6746,,,24.1892
HP,,c07525211.pdf,4AA7-0828ENUC.pdf,HP Z8 G4 Workstation,1780,4,512,240,,1000,,24.67,5,511.37,North America,China,0.23,,0.77,,409.4,143.29,106.444,57.316,49.128,40.94,4.094,4.094,,2.047,,
HP,,c08173142.pdf,c08015291.pdf,HP Z1 Tower G9 Desktop PC,817,,128,256,500,400,,7.4,5,100.82,North America,China,0.67,,0.33,,547.39,273.695,21.8956,222.24034,12.58997,8.21085,3.83173,2.73695,,,,
HP,,c08146376.pdf,c08015285.pdf,HP Elite Mini 600 G9 Desktop PC,282,,128,256,500,260,,2.4,5,54.03,North America,China,0.48,,0.52,,135.36,59.69376,4.19616,56.71584,5.4144,5.00832,3.65472,0.54144,,,,
HP,,c07887773.pdf,c08198812.pdf,HP Chromebook 11a,174,8,4,,,45,11,1.3,4,15.08,North America,China,0.76,0.06,0.17,0.01,132.24,35.0436,6.08304,56.8632,3.17376,3.9672,,0.79344,3.306,,,23.00976
HP,,c08398266.pdf,4AA7-7290ENUC.pdf,HP Elite c640 G3 Chromebook,219,2,16,128,,45,14,1.9,4,20.03,North America,China,0.74,0.06,0.2,,162.06,55.58658,8.9133,56.55894,3.2412,3.07914,,0.48618,5.51004,,,28.52256
HP,,c08146378.pdf,c08015285.pdf,HP Elite Tower 600 G9 Desktop PC,517,,128,256,500,260,,7.5,5,100.82,North America,China,0.47,,0.52,0.01,242.99,133.88749,21.8691,56.85966,15.79435,8.26166,3.64485,2.67289,,,,
HP,,c08377685.pdf,4AA7-9304ENUC.pdf,HP Chromebook 14 inch,142,2,8,,,45,14,1.7,4,11.85,North America,China,0.74,0.08,0.18,,105.08,60.421,4.83368,,3.25748,2.41684,,0.73556,4.62352,,,28.79192
HP,,c08252758.pdf,4AA7-9109ENUC.pdf,HP ProBook 440 G9 Notebook PC,167,4,64,128,,65,14,1.7,4,13.78,North America,China,0.76,0.06,0.18,,126.92,49.4988,7.6152,28.93776,3.93452,3.04608,,0.6346,4.56912,,,28.81084
HP,,c08738080.pdf,4AA7-2899ENUC.pdf,HP t638 Thin Client,150,2,4,,,45,,2.2,5,25.62,North America,China,0.54,,0.45,0.01,81,48.6,5.67,14.58,3.24,4.05,4.05,0.81,,,,
HP,,c08482346.pdf,4AA7-6212ENUC.pdf,HP 470 G9 Notebook PC,267,2,16,128,,65,17.3,2.4,4,29.33,North America,China,0.7,0.06,0.24,,186.9,76.0683,6.1677,56.6307,3.9249,3.1773,,0.7476,4.2987,,,36.0717
HP,,c08417688.pdf,4AA7-6543ENUC.pdf,HP Chromebook 14 G6,112,2,8,,,45,14,1.7,4,11.85,North America,China,0.67,0.1,0.22,0.01,75.04,26.56416,4.80256,4.1272,3.22672,2.40128,,0.7504,4.57744,,,28.59024
HP,,c08170566.pdf,c08015285.pdf,HP Elite SFF 800 G9 Desktop PC,643,,128,256,500,260,,6.1,5,97.1,North America,China,0.59,,0.41,,379.37,99.39494,19.34787,220.0346,12.89858,6.82866,3.7937,1.89685,,,13.27795,
HP,,c07786471.pdf,c08320963.pdf,HP ENVY 34 inch All-in-One Desktop PC 34-c,692,,128,256,,330,34,12.7,5,118,North America,China,0.53,0.01,0.46,,366.76,123.96488,42.54416,56.48104,12.46984,13.20336,4.03436,5.86816,,,,107.82744
HP,,c07524608.pdf,c08384517.pdf,HP ProDesk 405 G6 Desktop Mini PC (ENERGY STAR),370,2,64,128,500,65,,2.3,5,47.07,North America,China,0.66,,0.34,,244.2,166.056,4.884,58.608,4.884,4.884,4.884,,,,,
HP,,c07524620.pdf,4AA7-9173ENUC.pdf,HP 285 G6 Microtower PC ENERGY STAR,490,4,32,128,500,180,,5.65,5,109.71,North America,China,0.39,,0.6,0.01,191.1,107.016,15.288,28.665,11.466,7.644,3.822,1.911,,1.911,13.377,
HP,,c08207993.pdf,c08086557.pdf,HP ProOne 440 23.8 inch G9 All-in-One Desktop PC,433,,64,256,500,120,23.8,9.1,5,55.55,North America,China,0.64,0.01,0.34,0.01,277.12,87.01568,14.41024,84.79872,13.30176,8.3136,3.32544,3.04832,,,,62.90624
HP,,c07525170.pdf,4AA7-9809ENUC.pdf,EliteBook 840 Aero G8,170,4,64,256,,65,14,1.4,4,20.04,North America,China,0.79,0.02,0.19,,134.3,48.348,14.773,29.546,4.029,2.686,,1.343,5.372,,,29.546
HP,,c08078070.pdf,c08829277.pdf,HP Fortis 14” G10 Chromebook,167,4,16,,,45,14,1.8,4,14.56,North America,China,0.73,0.07,0.19,0.01,121.91,60.58927,6.82696,14.50729,3.16966,2.4382,,0.48764,5.24213,,,28.40503
HP,,c08155358.pdf,c08015285.pdf,HP Elite SFF 600 G9 Desktop PC,477,,128,256,500,260,,6.1,5,97.1,North America,China,0.45,,0.54,0.01,214.65,113.12055,19.3185,57.0969,12.879,6.4395,3.64905,1.93185,,,,
Acer,Laptop,,,A515-56,451.5,,4,128,,,15.6,,,,,,,,,,,,,,,,,,,,,
Acer,Laptop,,,TMP214-55G,484,,16,512,,,14,,,,,,,,,,,,,,,,,,,,,
Acer,Laptop,,,AN515-57,527,,8,256,,,15.6,,,,,,,,,,,,,,,,,,,,,
Acer,Laptop,,,AV15-53P,363,,8,512,,,15.6,,,,,,,,,,,,,,,,,,,,,
Acer,Laptop,,,AV14-51,452,,8,512,,,14,,,,,,,,,,,,,,,,,,,,,
Acer,Laptop,,,AV15-51,432.5,,8,256,,,15.6,,,,,,,,,,,,,,,,,,,,,
Acer,Laptop,,,AV15-52,419,,8,512,,,15.6,,,,,,,,,,,,,,,,,,,,,
Acer,Laptop,,,C734,242,,4,32,,,11.6,,,,,,,,,,,,,,,,,,,,,
Acer,Laptop,,,C734T,242,,4,32,,,11.6,,,,,,,,,,,,,,,,,,,,,
Acer,Laptop,,,CB314-2H,301.5,,4,32,,,14,,,,,,,,,,,,,,,,,,,,,
Acer,Laptop,,,C922,301.5,,4,32,,,14,,,,,,,,,,,,,,,,,,,,,
Acer,Laptop,,,C922T,301.5,,4,32,,,14,,,,,,,,,,,,,,,,,,,,,
Acer,Laptop,,,CB314-3H,283.5,,8,64,,,14,,,,,,,,,,,,,,,,,,,,,
Acer,Laptop,,,CB314-3HT,283.5,,4,128,,,14,,,,,,,,,,,,,,,,,,,,,
Acer,Laptop,,,C934,283.5,,4,32,,,14,,,,,,,,,,,,,,,,,,,,,
Acer,Laptop,,,CB514-1W,347.5,,8,128,,,14,,,,,,,,,,,,,,,,,,,,,
Acer,Laptop,,,CB514-1WT,347.5,,8,128,,,14,,,,,,,,,,,,,,,,,,,,,
Acer,Laptop,,,CB515-1W,392.5,,8,128,,,15.6,,,,,,,,,,,,,,,,,,,,,
Acer,Laptop,,,CB515-1WT,392.5,,8,128,,,15.6,,,,,,,,,,,,,,,,,,,,,
Acer,Laptop,,,CBV514-1H,445,,8,128,,,14,,,,,,,,,,,,,,,,,,,,,
Acer,Laptop,,,CBV514-1HT,445,,16,256,,,14,,,,,,,,,,,,,,,,,,,,,
Acer,Laptop,,,CP513-1H,356,,4,64,,,13.3,,,,,,,,,,,,,,,,,,,,,
Acer,Laptop,,,R841LT,356,,8,128,,,13.3,,,,,,,,,,,,,,,,,,,,,
Acer,Laptop,,,R841T,356,,4,64,,,13.3,,,,,,,,,,,,,,,,,,,,,
Acer,Laptop,,,CP514-2H,387.5,,8,128,,,14,,,,,,,,,,,,,,,,,,,,,
Acer,Laptop,,,CP514-3HH,420.5,,8,128,,,14,,,,,,,,,,,,,,,,,,,,,
Acer,Laptop,,,CP514-3WH,420.5,,16,256,,,14,,,,,,,,,,,,,,,,,,,,,
Acer,Laptop,,,CP514-3H,420.5,,8,128,,,14,,,,,,,,,,,,,,,,,,,,,
Acer,Laptop,,,CP714-1WN,451.5,,8,256,,,14,,,,,,,,,,,,,,,,,,,,,
Acer,Laptop,,,R722T,252,,8,32,,,11.6,,,,,,,,,,,,,,,,,,,,,
Acer,Laptop,,,R753T,241.5,,4,32,,,11.6,,,,,,,,,,,,,,,,,,,,,
Acer,Laptop,,,R853TA,285,,4,32,,,12,,,,,,,,,,,,,,,,,,,,,
Acer,Laptop,,,R853TNA,285,,8,64,,,12,,,,,,,,,,,,,,,,,,,,,
Acer,Laptop,,,SF314-511,318.5,,16,512,,,14,,,,,,,,,,,,,,,,,,,,,
Acer,Laptop,,,TMB311-32,310,,4,128,,,11.6,,,,,,,,,,,,,,,,,,,,,
Acer,Laptop,,,TMP214-41-G2,382,,8,256,,,14,,,,,,,,,,,,,,,,,,,,,
Acer,Laptop,,,TMP214-53,484,,16,512,,,14,,,,,,,,,,,,,,,,,,,,,
Acer,Laptop,,,TMP214-53G,484,,16,512,,,14,,,,,,,,,,,,,,,,,,,,,
Acer,Laptop,,,TMP214-54,368,,16,512,,,14,,,,,,,,,,,,,,,,,,,,,
Acer,Laptop,,,TMP215-53,382.5,,16,256,,,15.6,,,,,,,,,,,,,,,,,,,,,
Acer,Laptop,,,TMP414-41,371,,16,512,,,14,,,,,,,,,,,,,,,,,,,,,
Acer,Laptop,,,TMP414-51,417,,8,512,,,14,,,,,,,,,,,,,,,,,,,,,
Acer,Laptop,,,TMP414-52,519,,16,512,,,14,,,,,,,,,,,,,,,,,,,,,
Acer,Laptop,,,TMP414RN-41,425.5,,16,512,,,14,,,,,,,,,,,,,,,,,,,,,
Acer,Laptop,,,TMP414RN-52,531.5,,16,512,,,14,,,,,,,,,,,,,,,,,,,,,
Acer,Laptop,,,TMP416-41,472.5,,16,512,,,16,,,,,,,,,,,,,,,,,,,,,
Acer,Laptop,,,TMP416-51,495.5,,16,512,,,16,,,,,,,,,,,,,,,,,,,,,
Acer,Laptop,,,TMP614-52,460.5,,16,512,,,14,,,,,,,,,,,,,,,,,,,,,
Dell,Laptop,,,Latitude 3150,216,,8,,,,11.6,,,,,,,,,,,,,,,,,,,,,
Dell,Laptop,,,Latitude 3160,244,,8,,,,11.6,,,,,,,,,,,,,,,,,,,,,
Dell,Laptop,,,Latitude 3180,243,,4,128,,,,,,,,,,,,,,,,,,,,,,,,
Dell,Laptop,,,Latitude 3189 2-in-1,257,,8,256,,,,,,,,,,,,,,,,,,,,,,,,
Dell,Laptop,,,Latitude 3190,226,,8,256,,,11.6,,,,,,,,,,,,,,,,,,,,,
Dell,Laptop,,,Latitude 3190 2-in-1,230,,8,256,,,11.6,,,,,,,,,,,,,,,,,,,,,
Dell,Laptop,,,Latitude 3350,258,,16,,,,13.3,,,,,,,,,,,,,,,,,,,,,
Dell,Laptop,,,Latitude 3380,252,,8,128,,,13.3,,,,,,,,,,,,,,,,,,,,,
Dell,Laptop,,,Latitude 3460,279,,16,,,,14,,,,,,,,,,,,,,,,,,,,,
Dell,Laptop,,,Latitude 3470,286,,16,,,,14,,,,,,,,,,,,,,,,,,,,,
Dell,Laptop,,,Latitude 3480,324,,16,256,,,14,,,,,,,,,,,,,,,,,,,,,
Dell,Laptop,,,Latitude 3490,243,,32,512,,,14,,,,,,,,,,,,,,,,,,,,,
Dell,Laptop,,,Latitude 3570,302,,16,,,,14,,,,,,,,,,,,,,,,,,,,,
Dell,Laptop,,,Latitude 3580,311,,16,256,,,15.6,,,,,,,,,,,,,,,,,,,,,
Dell,Laptop,,,Latitude 3590,254,,32,512,,,15.6,,,,,,,,,,,,,,,,,,,,,
Dell,Laptop,,,Inspiron 13 5320,326,,32,2000,,,13.28,,,,,,,,,,,,,,,,,,,,,
Dell,Laptop,,,Inspiron 14 5420,344,,24,2000,,,14,,,,,,,,,,,,,,,,,,,,,
Dell,Laptop,,,Inspiron 14 5425,345,,32,2000,,,14,,,,,,,,,,,,,,,,,,,,,
Dell,Laptop,,,Inspiron 14 Plus 7420,376,,40,2000,,,14,,,,,,,,,,,,,,,,,,,,,
Dell,Laptop,,,Inspiron 14 7420 2-in-1,366,,32,2000,,,14,,,,,,,,,,,,,,,,,,,,,
Dell,Laptop,,,Inspiron 14 7425 2-in-1,355,,32,2000,,,14,,,,,,,,,,,,,,,,,,,,,
Dell,Laptop,,,Inspiron 16 5620,386,,24,2000,,,16,,,,,,,,,,,,,,,,,,,,,
Dell,Laptop,,,Inspiron 16 5625,381,,32,2000,,,16,,,,,,,,,,,,,,,,,,,,,
Dell,Laptop,,,Inspiron 16 7620 2-in-1,403,,32,1000,,,16,,,,,,,,,,,,,,,,,,,,,
Lenovo,Laptop,,,ThinkPad C14 Gen 1 Chromebook,210,,4,64,,45,14,,,,,,,,,,,,,,,,,,,,,
Lenovo,Laptop,,,ThinkPad E14 Gen 4 AMD,391,,40,256,,,14,,,,,,,,,,,,,,,,,,,,,
Lenovo,Laptop,,,ThinkPad E14 Gen 4 Intel,415,,32,256,,65,14,,,,,,,,,,,,,,,,,,,,,
Lenovo,Laptop,,,ThinkPad E15 Gen 4 AMD,457,,40,256,,65,14,,,,,,,,,,,,,,,,,,,,,
Lenovo,Laptop,,,ThinkPad E15 Gen 4 Intel,457,,32,256,,65,15.6,,,,,,,,,,,,,,,,,,,,,
Lenovo,Laptop,,,ThinkPad L13 Gen 3 AMD,323,,8,256,,45,13.3,,,,,,,,,,,,,,,,,,,,,
Lenovo,Laptop,,,ThinkPad L13 Gen 3 Intel,187,,8,256,,,13.3,,,,,,,,,,,,,,,,,,,,,
Lenovo,Laptop,,,ThinkPad L13 Yoga Gen 3 AMD,323,,8,256,,45,13.3,,,,,,,,,,,,,,,,,,,,,
Lenovo,Laptop,,,ThinkPad L13 Yoga Gen 3 Intel,294,,8,256,,45,13.3,,,,,,,,,,,,,,,,,,,,,
Lenovo,Laptop,,,ThinkPad L14 Gen 3 AMD,425,,64,128,,45,14,,,,,,,,,,,,,,,,,,,,,
Lenovo,Laptop,,,ThinkPad L14 Gen 3 Intel,215,,64,256,,,14,,,,,,,,,,,,,,,,,,,,,
Lenovo,Laptop,,,ThinkPad L15 Gen 3 AMD,236,,64,128,,,15.6,,,,,,,,,,,,,,,,,,,,,
Lenovo,Laptop,,,ThinkPad L15 Gen 3 Intel,339,,64,256,,45,15.6,,,,,,,,,,,,,,,,,,,,,
Lenovo,Laptop,,,ThinkPad P14s Gen 3 AMD,222,,8,256,,45,14,,,,,,,,,,,,,,,,,,,,,
Lenovo,Laptop,,,ThinkPad P14s Gen 3 Intel,246,,40,256,,65,14,,,,,,,,,,,,,,,,,,,,,
Lenovo,Laptop,,,ThinkPad P15v Gen 3 AMD,411,,64,256,,,15.6,,,,,,,,,,,,,,,,,,,,,
Lenovo,Laptop,,,ThinkPad P15v Gen 3 Intel,345,,64,256,,,15.6,,,,,,,,,,,,,,,,,,,,,
Lenovo,Laptop,,,ThinkPad P16s Gen 1 AMD,283,,16,256,,65,16,,,,,,,,,,,,,,,,,,,,,
Lenovo,Laptop,,,ThinkPad P16s Gen 1 Intel,258,,40,256,,65,16,,,,,,,,,,,,,,,,,,,,,
Lenovo,Laptop,,,ThinkPad P16 Gen 1,339,,128,256,,170,16,,,,,,,,,,,,,,,,,,,,,
Lenovo,Laptop,,,ThinkPad P1 Gen 5,312,,64,256,,135,16,,,,,,,,,,,,,,,,,,,,,
Lenovo,Laptop,,,ThinkPad T14s Gen 3 AMD,344,,8,256,,45,14,,,,,,,,,,,,,,,,,,,,,
Lenovo,Laptop,,,ThinkPad T14s Gen 3 Intel,360,,8,256,,45,14,,,,,,,,,,,,,,,,,,,,,
Lenovo,Laptop,,,ThinkPad T14 Gen 3 AMD,218,,8,256,,45,14,,,,,,,,,,,,,,,,,,,,,
Lenovo,Laptop,,,ThinkPad T14 Gen 3 Intel,208,,40,256,,,14,,,,,,,,,,,,,,,,,,,,,
Lenovo,Laptop,,,ThinkPad T15p Gen 3,272,,64,256,,,15.6,,,,,,,,,,,,,,,,,,,,,
Lenovo,Laptop,,,ThinkPad T16 Gen 1 AMD,233,,8,256,,65,16,,,,,,,,,,,,,,,,,,,,,
Lenovo,Laptop,,,ThinkPad T16 Gen 1 Intel,231,,40,256,,,16,,,,,,,,,,,,,,,,,,,,,
Lenovo,Laptop,,,ThinkPad X13s Gen 1,191,,8,256,,45,13.3,,,,,,,,,,,,,,,,,,,,,
Lenovo,Laptop,,,ThinkPad X13 Gen 3 AMD,197,,8,256,,45,13.3,,,,,,,,,,,,,,,,,,,,,
Lenovo,Laptop,,,ThinkPad X13 Gen 3 Intel,210,,8,256,,45,13.3,,,,,,,,,,,,,,,,,,,,,
Lenovo,Laptop,,,ThinkPad X13 Yoga Gen 3,193,,8,256,,45,13.3,,,,,,,,,,,,,,,,,,,,,
Lenovo,Laptop,,,ThinkPad X1 Carbon Gen 10,209,,8,256,,,14,,,,,,,,,,,,,,,,,,,,,
Lenovo,Laptop,,,ThinkPad X1 Extreme Gen 5,314,,64,256,,170,16,,,,,,,,,,,,,,,,,,,,,
Lenovo,Laptop,,,ThinkPad X1 Fold 16 Gen 1,154,,8,256,,65,13.3,,,,,,,,,,,,,,,,,,,,,
Lenovo,Laptop,,,ThinkPad X1 Nano Gen 2,217,,16,256,,65,13,,,,,,,,,,,,,,,,,,,,,
Lenovo,Laptop,,,ThinkPad X1 Yoga Gen 7,416,,8,256,,,14,,,,,,,,,,,,,,,,,,,,,
Lenovo,Laptop,,,ThinkPad Z13 Gen 1,216,,16,256,,65,13.3,,,,,,,,,,,,,,,,,,,,,
Lenovo,Laptop,,,ThinkPad Z16 Gen 1,245,,16,256,,,16,,,,,,,,,,,,,,,,,,,,,
