Filename,Commercial Name,Use location,Final manufacturing location,Lifetime,Use energy demand,Product weight,Screen size,PCF,Manufacturing,Distribution,Use,End of Life,Mainboard and other boards,Chassis,Solid State Drive (SSD),Power Supply Unit & External Cables,Others*,External components (Keyboard & Mouse),Packaging,Batteries,ODD,Hard Drive (HDD),Display,,Manufacturing,Mainboard and other boards,Chassis,Solid State Drive (SSD),Power Supply Unit & External Cables,Others*,External components (Keyboard & Mouse),Packaging,Batteries,ODD,Hard Drive (HDD),Display
c07525117.pdf,EliteBook 855 G7,North America,China,4,14.1,2.1,15.6,190,0.77,0.07,0.16,,0.4,0.09,0.2,0.03,0.02,,0.01,0.04,,,0.22,,146.3,58.52,13.167,29.26,4.389,2.926,,1.463,5.852,,,32.186
c08483213.pdf,HP ZHAN 99 Mobile Workstation G4,North America,China,4,25.42,2.4,15.6,230,0.69,0.07,0.24,,0.278,0.047,0.358,0.057,0.025,,0.002,0.032,,,0.202,,158.7,44.1186,7.4589,56.8146,9.0459,3.9675,,0.3174,5.0784,,,32.0574
c08737946.pdf,HP Envy Move 23.8 inch All-in-One PC 24-cs ENERGY STAR,North America,China,5,50.63,4.91,23.8,485,0.71,,0.28,0.01,0.54,0.03,0.17,0.02,0.02,0.01,0.02,0.02,,,0.17,,344.35,185.949,10.3305,58.5395,6.887,6.887,3.4435,6.887,6.887,,,58.5395
c08741431.pdf,HP ZHAN A 14-inch G6 Notebook PC ENERGY STAR,North America,China,4,20.62,1.8,14,290,0.81,0.04,0.15,,0.53,0.04,0.24,0.03,0.02,,,0.03,,,0.12,,234.9,124.497,9.396,56.376,7.047,4.698,,,7.047,,,28.188
c07524887.pdf,HP E24i G4 WUXGA Monitor,North America,China,5,36.1,6.44,24.1,240,0.58,0.01,0.4,0.01,0.1,0.3,,0.08,0.03,,0.02,,,,0.47,,139.2,13.92,41.76,,11.136,4.176,,2.784,,,,65.424
c08405156.pdf,HP Slim Desktop PC S01 ENERGY STAR,North America,China,5,60.47,5.3,,288,0.54,,0.45,0.01,0.325,0.075,0.365,0.028,0.039,0.033,0.009,,,0.125,,,155.52,50.544,11.664,56.7648,4.35456,6.06528,5.13216,1.39968,,,19.44,
c07524871.pdf,HP P24v G4 FHD Monitor,North America,China,5,35.4,3.5,23.8,205,0.52,,0.47,0.01,0.3,0.14,,,0.02,,0.01,,,,0.52,,106.6,31.98,14.924,,,2.132,,1.066,,,,55.432
c08079483.pdf,HP ZHAN 66 Pro A 14 inch G5 Notebook PC,North America,China,4,13.93,1.7,15.6,185,0.77,0.07,0.16,,0.211,0.079,0.4,0.027,0.022,,0.004,0.032,,,0.226,,142.45,30.05695,11.25355,56.98,3.84615,3.1339,,0.5698,4.5584,,,32.1937
c08559304.pdf,HP ProBook 440 14 inch G10 Notebook PC ENERGY STAR,North America,China,4,23.89,1.7,14,175,0.65,0.06,0.29,,0.32,0.061,0.254,0.034,0.031,,0.005,0.041,,,0.254,,113.75,36.4,6.93875,28.8925,3.8675,3.52625,,0.56875,4.66375,,,28.8925
c08155421.pdf,HP V222vb 21.5-inch Monitor,North America,China,5,38.47,2.8,21.5,175,0.4,0.01,0.59,,0.062,0.064,,0.098,0.035,,0.017,,,,0.724,,70,4.34,4.48,,6.86,2.45,,1.19,,,,50.68
c08759677.pdf,HP M32f FHD Monitor,North America,China,5,54.98,5.5,31.55,285,0.46,0.01,0.52,0.01,0.09,0.05,,0.03,0.03,,0.02,,,,0.77,,131.1,11.799,6.555,,3.933,3.933,,2.622,,,,100.947
c07525053.pdf,HP 256 G8 Notebook PC ENERGY STAR,North America,China,4,20.04,2.22,15.6,195,0.7,0.07,0.22,0.01,0.35,0.04,0.21,0.03,0.03,,,0.03,,0.07,0.24,,136.5,47.775,5.46,28.665,4.095,4.095,,,4.095,,9.555,32.76
c08430874.pdf,HP M24h FHD Monitor,North America,China,5,39.15,3.8,23.8,191,0.43,0.01,0.55,0.01,0.091,0.135,,0.048,0.038,,0.02,,,,0.668,,82.13,7.47383,11.08755,,3.94224,3.12094,,1.6426,,,,54.86284
c08544949.pdf,OMEN 27q QHD 165Hz Gaming Monitor,North America,China,5,69.23,7.5,27,333,0.42,0.01,0.56,0.01,0.268,0.131,,0.006,0.034,,0.023,,,,0.538,,139.86,37.48248,18.32166,,0.83916,4.75524,,3.21678,,,,75.24468
c08278500.pdf,HP Pro Tower 290 G9 Desktop PC ENERGY STAR,North America,China,5,128.31,6.4,,746,0.54,,0.46,,0.561,0.041,0.284,0.039,0.02,0.009,0.006,,,0.039,,,402.84,225.99324,16.51644,114.40656,15.71076,8.0568,3.62556,2.41704,,,15.71076,
c08739582.pdf,HP ProDesk 680 G6 PCI Microtower PC (ENERGY STAR ),North America,China,5,110.91,6.46,,495,0.39,,0.6,0.01,0.44,0.1,0.29,0.08,0.03,0.02,0.01,,0.01,,,,193.05,84.942,19.305,55.9845,15.444,5.7915,3.861,1.9305,,1.9305,,
c07836073.pdf,OMEN by HP 40L Gaming Desktop PC GT21,North America,China,5,131.79,14.7,,654,0.45,,0.54,0.01,0.47,0.139,0.194,0.121,0.042,,0.019,0.001,,,,,294.3,138.321,40.9077,57.0942,35.6103,12.3606,,5.5917,0.2943,,,
c08377686.pdf,HP 34 inch All-in-One Desktop PC,North America,China,5,118.38,12.8,34,5550,0.94,,0.06,,0.031,0.008,0.027,0.002,0.909,0.001,0.001,,,,0.021,,5217,161.727,41.736,140.859,10.434,4742.253,5.217,5.217,,,,109.557
c08855865.pdf,HP Spectre x360 14-eu/14t-eu 2-in-1 Laptop PC ENERGY STAR,North America,China,4,16.69,1.8,14,225,0.75,0.08,0.16,0.01,0.34,0.06,0.34,0.02,0.02,,0.01,0.04,,,0.17,,168.75,57.375,10.125,57.375,3.375,3.375,,1.6875,6.75,,,28.6875
c08700321.pdf,HP P22vb G5 Monitor,North America,China,5,39.92,2.67,21.5,180,0.39,,0.6,0.01,0.09,0.05,,0.05,0.04,,0.014,,,,0.77,,70.2,6.318,3.51,,3.51,2.808,,0.9828,,,,54.054
c08370555.pdf,HP Pavilion Desktop PC TP01,North America,China,5,173.85,6.6,,703,0.34,,0.66,,0.32,0.079,0.47,0.066,0.037,0.017,0.011,,,,,,239.02,76.4864,18.88258,112.3394,15.77532,8.84374,4.06334,2.62922,,,,
c08398203.pdf,HP V24i G5,North America,China,5,35.4,3.4,24,181,0.46,0.01,0.52,0.01,0.065,0.048,,0.088,0.035,,0.036,,,,0.727,,83.26,5.4119,3.99648,,7.32688,2.9141,,2.99736,,,,60.53002
c08759675.pdf,HP U28 4K HDR 28-inch Monitor,North America,China,5,87.3,2.99,28,370,0.35,,0.64,0.01,0.26,0.05,,0.1,0.03,,0.02,,,,0.55,,129.5,33.67,6.475,,12.95,3.885,,2.59,,,,71.225
c07645378.pdf,HP Chromebook x360 14a ENERGY STAR,North America,China,4,12.44,1.6,14,125,0.69,0.09,0.21,0.01,0.38,0.07,0.09,0.04,0.03,,0.01,0.05,,,0.33,,86.25,32.775,6.0375,7.7625,3.45,2.5875,,0.8625,4.3125,,,28.4625
c08278491.pdf,HP Pro Tower 200 G9 Desktop PC ENERGY STAR,North America,China,5,128.31,6.4,,746,0.54,,0.46,,0.561,0.041,0.284,0.039,0.02,0.009,0.006,,,0.039,,,402.84,225.99324,16.51644,114.40656,15.71076,8.0568,3.62556,2.41704,,,15.71076,
c08166227.pdf,HP Engage Flex Pro G2 Retail System (ENERGY STAR),North America,China,4,18.15,1.68,14,210,0.76,0.05,0.19,,0.36,0.03,0.36,0.02,0.02,,,0.03,,,0.18,,159.6,57.456,4.788,57.456,3.192,3.192,,,4.788,,,28.728
c08398201.pdf,HP Fortis 11 inch G9 Q Chromebook,North America,China,4,9.88,1.4,11.6,138,0.77,0.07,0.15,0.01,0.632,0.036,,0.03,0.022,,0.004,0.051,,,0.226,,106.26,67.15632,3.82536,,3.1878,2.33772,,0.42504,5.41926,,,24.01476
c08543822.pdf,HP Laptop 14-ep PC ENERGY STAR /HP Laptop 14t-ep PC ENERGY STAR,North America,China,4,19.88,1.6,14,216,0.75,0.05,0.2,,0.552,0.023,0.177,0.024,0.018,,0.003,0.027,,,0.176,,162,89.424,3.726,28.674,3.888,2.916,,0.486,4.374,,,28.512
c08295274.pdf,HP Pro SFF 400 G9 Desktop PC,North America,China,5,54.28,5.4,,651,0.73,,0.27,,0.397,0.035,0.466,0.025,0.014,0.008,0.005,,,0.045,,,475.23,188.66631,16.63305,221.45718,11.88075,6.65322,3.80184,2.37615,,,21.38535,
c08482621.pdf,HP ENVY x360 2-in-1 Laptop 13-bf and 13t-bf ENERGY STAR,North America,China,4,17.09,1.6,13.3,271,0.81,0.05,0.14,,0.26,0.033,0.516,0.018,0.015,,0.005,0.03,,,0.124,,219.51,57.0726,7.24383,113.26716,3.95118,3.29265,,1.09755,6.5853,,,27.21924
c07525178.pdf,EliteBook 845 G8,North America,China,4,21.44,1.7,14,180,0.71,0.06,0.22,0.01,0.39,0.07,0.22,0.03,0.02,,0.01,0.04,,,0.22,,127.8,49.842,8.946,28.116,3.834,2.556,,1.278,5.112,,,28.116
c08546037.pdf,HP Fortis x360 11 inch G3 J Chromebook Enterprise ENERGY STAR,North America,China,4,16.41,1.6,11.6,134,0.65,0.08,0.26,0.01,0.469,0.045,0.087,0.039,0.027,,0.004,0.053,,,0.275,,87.1,40.8499,3.9195,7.5777,3.3969,2.3517,,0.3484,4.6163,,,23.9525
c08481812.pdf,EliteBook 835 G9,North America,China,4,17.98,1.6,13.3,190,0.75,0.05,0.2,,0.44,0.08,0.2,0.02,0.02,,,0.04,,,0.2,,142.5,62.7,11.4,28.5,2.85,2.85,,,5.7,,,28.5
c08398269.pdf,HP Pavilion x360 14 inch 2-in-1 Convertible PC,North America,China,4,17.52,1.8,14,205,0.76,0.05,0.18,0.01,0.356,0.028,0.364,0.02,0.018,,0.003,0.027,,,0.183,,155.8,55.4648,4.3624,56.7112,3.116,2.8044,,0.4674,4.2066,,,28.5114
c07525090.pdf,EliteBook 840 G7,North America,China,4,15.98,1.8,14,160,0.72,0.07,0.21,,0.32,0.08,0.24,0.03,0.03,,0.01,0.04,,,0.24,,115.2,36.864,9.216,27.648,3.456,3.456,,1.152,4.608,,,27.648
c07524980.pdf,"EliteBook 830, 836 G5",North America,China,4,19.07,1.8,13.3,170,0.68,0.07,0.25,,0.33,0.07,0.25,0.03,0.03,,,0.04,,,0.24,,115.6,38.148,8.092,28.9,3.468,3.468,,,4.624,,,27.744
c08733839.pdf,HP Chromebook 11a ENERGY STAR,North America,China,4,7.11,1.3,11.6,90,0.72,0.1,0.17,0.01,0.31,0.05,0.12,0.06,0.04,,0.01,0.06,,,0.36,,64.8,20.088,3.24,7.776,3.888,2.592,,0.648,3.888,,,23.328
c08502497.pdf,HP Chromebook x360 14c-cd ENERGY STAR,North America,China,4,16.63,1.7,14,319,0.85,0.04,0.11,,0.613,0.027,0.209,0.012,0.011,,0.002,0.021,,,0.105,,271.15,166.21495,7.32105,56.67035,3.2538,2.98265,,0.5423,5.69415,,,28.47075
c07524703.pdf,HP ProDesk 400 G6 Desktop Mini PC (ENERGY STAR),North America,China,5,40.09,2.21,,220,0.5,,0.49,0.01,0.55,0.04,0.26,0.04,0.05,0.04,0.01,,,0.03,,,110,60.5,4.4,28.6,4.4,5.5,4.4,1.1,,,3.3,
c08479238.pdf,HP Laptop 14-ed ENERGY STAR,North America,China,4,12.48,1.47,14,160,0.76,0.07,0.17,,0.51,0.04,0.12,0.03,0.02,,,0.04,,,0.24,,121.6,62.016,4.864,14.592,3.648,2.432,,,4.864,,,29.184
c07524979.pdf,EliteBook 850 G5,North America,China,4,26.28,2.3,15.6,210,0.67,0.06,0.26,0.01,0.4,0.09,0.2,0.03,0.02,,,0.04,,,0.22,,140.7,56.28,12.663,28.14,4.221,2.814,,,5.628,,,30.954
c08079480.pdf,EliteBook 655 G9,North America,China,4,16.93,1.9,15.6,190,0.73,0.07,0.19,0.01,0.36,0.11,0.21,0.03,0.02,,0.01,0.03,,,0.24,,138.7,49.932,15.257,29.127,4.161,2.774,,1.387,4.161,,,33.288
c07525216.pdf,HP Z6 G4 Workstation,North America,China,5,165.28,14.8,,754,0.4,,0.59,0.01,0.355,0.23,0.187,0.154,0.052,,0.007,,,,,,301.6,107.068,69.368,56.3992,46.4464,15.6832,,2.1112,,,,
c08677227.pdf,HP Chromebook 15at-nb ENERGY STAR,North America,China,4,14.79,2,15.6,185,0.75,0.07,0.17,0.01,0.57,0.04,0.06,0.02,0.03,,0.003,0.04,,,0.23,,138.75,79.0875,5.55,8.325,2.775,4.1625,,0.41625,5.55,,,31.9125
c07780132.pdf,HP 27 inch All-in-One Desktop PC 27-cb,North America,China,5,70.91,7.5,27,420,0.53,0.01,0.45,0.01,0.21,0.054,0.256,0.018,0.036,0.015,0.019,,,0.017,0.375,,222.6,46.746,12.0204,56.9856,4.0068,8.0136,3.339,4.2294,,,3.7842,83.475
c07525034.pdf,HP ProBook 430 G8 Notebook PC ENERGY STAR,North America,China,4,14.48,1.5,13.3,195,0.79,0.05,0.16,,0.34,0.04,0.37,0.03,0.02,,,0.03,,,0.18,,154.05,52.377,6.162,56.9985,4.6215,3.081,,,4.6215,,,27.729
c08390346.pdf,OMEN by HP 17 Laptop PC,North America,China,4,69.84,3.7,17.3,376,0.54,0.06,0.4,,0.28,0.049,0.285,0.057,0.051,,0.01,0.033,,0.056,0.179,,203.04,56.8512,9.94896,57.8664,11.57328,10.35504,,2.0304,6.70032,,11.37024,36.34416
c07524801.pdf,HP Z32 4K UHD Display,North America,China,5,101.98,7.9,31.5,595,0.53,,0.46,0.01,0.595,0.034,,0.003,0.015,,0.013,,,,0.34,,315.35,187.63325,10.7219,,0.94605,4.73025,,4.09955,,,,107.219
c08554054.pdf,HP ProBook 450 15.6 inch G10 Notebook PC ENERGY STAR,North America,China,4,16.03,1.9,15.6,168,0.72,0.07,0.2,0.01,0.302,0.086,0.239,0.032,0.03,,0.006,0.038,,,0.267,,120.96,36.52992,10.40256,28.90944,3.87072,3.6288,,0.72576,4.59648,,,32.29632
c08160019.pdf,HP V241ib 23.8-inch Monitor,North America,China,5,35.27,3.4,23.8,179,0.46,0.01,0.53,,0.075,0.06,,0.084,0.033,,0.014,,,,0.734,,82.34,6.1755,4.9404,,6.91656,2.71722,,1.15276,,,,60.43756
c08395048.pdf,HP Presence Mini Conferencing PC,North America,China,5,39.41,2.3,,188,0.43,,0.56,0.01,0.573,0.058,0.182,0.066,0.062,0.053,0.007,0.001,,,,,80.84,46.32132,4.68872,14.71288,5.33544,5.01208,4.28452,0.56588,0.08084,,,
c08579843.pdf,HP ZBook Firefly 16 inch G10 Mobile Workstation PC ENERGY STAR,North America,China,4,18.42,2.4,16,391,0.86,0.04,0.1,,0.451,0.047,0.338,0.022,0.012,,0.002,0.026,,,0.101,,336.26,151.65326,15.80422,113.65588,7.39772,4.03512,,0.67252,8.74276,,,33.96226
c08569102.pdf,HP Elite x360 830 13 inch G10 2-in-1 Notebook PC ENERGY STAR,North America,China,4,14.67,1.7,13.3,294,0.85,0.04,0.11,,0.375,0.025,0.439,0.014,0.012,,0.002,0.022,,,0.111,,249.9,93.7125,6.2475,109.7061,3.4986,2.9988,,0.4998,5.4978,,,27.7389
c07524588.pdf,HP ProDesk 400 G7 Microtower PC (ENERGY STAR),North America,China,5,53.98,5.89,,415,0.64,,0.35,0.01,0.57,0.07,0.21,0.04,0.02,0.01,0.01,,0.01,0.05,,,265.6,151.392,18.592,55.776,10.624,5.312,2.656,2.656,,2.656,13.28,
c07525025.pdf,ProBook 640 G5,North America,China,4,15.47,2.1,14,160,0.72,0.08,0.2,,0.35,0.04,0.25,0.03,0.03,,,0.05,,,0.25,,115.2,40.32,4.608,28.8,3.456,3.456,,,5.76,,,28.8
c08398207.pdf,HP ProOne 240 23.8 inch G9 All-in-One Desktop PC,North America,China,5,72.16,6.1,23.8,361,0.45,,0.54,0.01,0.251,0.101,0.176,0.024,0.04,0.021,0.014,,,,0.373,,162.45,40.77495,16.40745,28.5912,3.8988,6.498,3.41145,2.2743,,,,60.59385
c08759522.pdf,HP 4G LTE Laptop 14-eg ENERGY STAR,North America,China,4,12.48,1.47,14,160,0.76,0.07,0.17,,0.51,0.04,0.12,0.03,0.02,,,0.04,,,0.24,,121.6,62.016,4.864,14.592,3.648,2.432,,,4.864,,,29.184
c08546039.pdf,HP ProBook 445 14 inch G10 Notebook PC ENERGY STAR,North America,China,4,13.93,1.7,14,155,0.73,0.07,0.19,0.01,0.318,0.067,0.253,0.034,0.031,,0.005,0.04,,,0.252,,113.15,35.9817,7.58105,28.62695,3.8471,3.50765,,0.56575,4.526,,,28.5138
c08398267.pdf,OMEN by HP 16.1 inch Gaming Laptop PC,North America,China,4,33.14,3,16.1,337,0.72,0.06,0.21,0.01,0.24,0.041,0.465,0.054,0.026,,0.005,0.032,,,0.137,,242.64,58.2336,9.94824,112.8276,13.10256,6.30864,,1.2132,7.76448,,,33.24168
c07525054.pdf,HP 240 G8 Notebook PC ENERGY STAR,North America,China,4,14.33,1.78,14,225,0.81,0.05,0.14,,0.45,0.02,0.31,0.02,0.02,,,0.02,,,0.16,,182.25,82.0125,3.645,56.4975,3.645,3.645,,,3.645,,,29.16
c07779859.pdf,HP 14 inch 4G LTE Laptop PC,North America,China,4,12.48,1.4,14,197,0.81,0.05,0.14,,0.38,0.028,0.356,0.02,0.014,,0.001,0.02,,,0.179,,159.57,60.6366,4.46796,56.80692,3.1914,2.23398,,0.15957,3.1914,,,28.56303
c08504418.pdf,HP E27k G5 4K USB-C Monitor,North America,China,5,72.52,7.7,27,429,0.53,0.01,0.45,0.01,0.506,0.1,,0.003,0.02,,0.013,,,,0.358,,227.37,115.04922,22.737,,0.68211,4.5474,,2.95581,,,,81.39846
c08578155.pdf,HP ProBook x360 11 G5 Education Edition (ENERGY STAR),North America,China,4,9.9,1.7,11.6,161,0.8,0.07,0.13,,0.62,0.035,0.06,0.03,0.023,,0.002,0.042,,,0.188,,128.8,79.856,4.508,7.728,3.864,2.9624,,0.2576,5.4096,,,24.2144
c08031637.pdf,HP ProBook Fortis 14 inch G9 Notebook PC,North America,China,4,12.93,1.9,14,380,0.9,0.03,0.07,,0.866,0.014,,0.009,0.007,,0.002,0.016,,,0.086,,342,296.172,4.788,,3.078,2.394,,0.684,5.472,,,29.412
c07525179.pdf,EliteBook 835 G8,North America,China,4,21.2,1.6,13.3,170,0.67,0.06,0.26,0.01,0.35,0.06,0.25,0.03,0.03,,0.01,0.04,,,0.23,,113.9,39.865,6.834,28.475,3.417,3.417,,1.139,4.556,,,26.197
c08738103.pdf,HP V24e FHD Monitor,North America,China,5,35.37,3.5,23.8,215,0.54,0.01,0.44,0.01,0.31,0.17,,,0.02,,0.02,,,,0.48,,116.1,35.991,19.737,,,2.322,,2.322,,,,55.728
c08146379.pdf,HP Elite Tower 680 G9 Desktop PC,North America,China,5,100.82,7.5,,517,0.47,,0.52,0.01,0.551,0.09,0.234,0.065,0.034,0.015,0.011,,,,,,242.99,133.88749,21.8691,56.85966,15.79435,8.26166,3.64485,2.67289,,,,
c08544945.pdf,HP Z4 G5 Workstation ENERGY STAR,North America,China,5,390.24,12.3,,1406,0.25,,0.74,0.01,0.376,0.12,0.318,0.076,0.032,0.008,0.012,,,0.058,,,351.5,132.164,42.18,111.777,26.714,11.248,2.812,4.218,,,20.387,
c07836074.pdf,OMEN by HP 45L Gaming Desktop PC GT22,North America,China,5,131.79,19.4,,694,0.48,,0.51,0.01,0.416,0.175,0.172,0.108,0.098,,0.02,,,,,,333.12,138.57792,58.296,57.29664,35.97696,32.64576,,6.6624,,,,
c07525065.pdf,EliteBook 830 G8,North America,China,4,24.44,1.6,13.3,190,0.67,0.05,0.27,0.01,0.41,0.06,0.22,0.03,0.02,,0.01,0.04,,,0.21,,127.3,52.193,7.638,28.006,3.819,2.546,,1.273,5.092,,,26.733
c07789643.pdf,HP ZHAN 66 Pro A G4 All-in-One PC,North America,China,5,72.16,7.3,23.8,426,0.54,,0.45,0.01,0.257,0.133,0.249,0.033,0.032,0.018,0.01,,,,0.268,,230.04,59.12028,30.59532,57.27996,7.59132,7.36128,4.14072,2.3004,,,,61.65072
c08367298.pdf,HP P24h G5 FHD Monitor,North America,China,5,41.6,4.9,23.8,206,0.44,0.01,0.54,0.01,0.094,0.145,,0.067,0.038,,0.033,,,,0.624,,90.64,8.52016,13.1428,,6.07288,3.44432,,2.99112,,,,56.55936
c08520664.pdf,HP EliteBook 645 14 inch G10 Notebook PC ENERGY STAR,North America,China,4,17.02,1.8,14,201,0.76,0.06,0.18,,0.487,0.056,0.188,0.025,0.023,,0.004,0.03,,,0.187,,152.76,74.39412,8.55456,28.71888,3.819,3.51348,,0.61104,4.5828,,,28.56612
c08044153.pdf,Victus by HP 15L TG02 Gaming Desktop PC,North America,China,5,103.45,6.4,,493,0.43,,0.56,0.01,0.771,0.088,,0.075,0.037,,0.012,,,,,,211.99,163.44429,18.65512,,15.89925,7.84363,,2.54388,,,,
c08045560.pdf,HP Engage One Essential AIO System,North America,China,5,33.95,3.2,14,237,0.84,0.05,0.11,,0.455,0.16,0.155,0.043,0.026,,0.005,,,,0.155,,199.08,90.5814,31.8528,30.8574,8.56044,5.17608,,0.9954,,,,30.8574
c08216185.pdf,HP 14 Laptop PC,North America,China,4,18.02,1.6,14,206,0.76,0.05,0.19,,0.357,0.025,0.362,0.025,0.018,,0.002,0.029,,,0.183,,156.56,55.89192,3.914,56.67472,3.914,2.81808,,0.31312,4.54024,,,28.65048
c08170274.pdf,HP 256 G9 Notebook PC,North America,China,4,17.06,2.2,15.6,194,0.73,0.08,0.19,,0.339,0.048,0.204,0.044,0.037,,0.005,0.032,,0.064,0.228,,141.62,48.00918,6.79776,28.89048,6.23128,5.23994,,0.7081,4.53184,,9.06368,32.28936
c07525094.pdf,EliteBook 830 G7,North America,China,4,13.67,1.6,13.3,170,0.76,0.06,0.17,0.01,0.41,0.06,0.22,0.03,0.02,,0.01,0.04,,,0.21,,129.2,52.972,7.752,28.424,3.876,2.584,,1.292,5.168,,,27.132
c08417685.pdf,HP 247 G8 Notebook PC,North America,China,4,20.3,1.8,14,238,0.77,0.05,0.18,,0.447,0.022,0.31,0.021,0.016,,0.002,0.025,,,0.156,,183.26,81.91722,4.03172,56.8106,3.84846,2.93216,,0.36652,4.5815,,,28.58856
c08398275.pdf,Victus by HP 15-fb Laptop PC,North America,China,4,18.49,2.8,15.6,262,0.79,0.06,0.15,,0.422,0.028,0.277,0.056,0.022,,0.003,0.035,,,0.157,,206.98,87.34556,5.79544,57.33346,11.59088,4.55356,,0.62094,7.2443,,,32.49586
c08680640.pdf,HP E27m G4 QHD USB-C Conferencing Monitor (No Stand),North America,China,5,68.86,6.1,27,351,0.46,0.01,0.52,0.01,0.393,0.075,,0.005,0.028,,0.013,,,,0.486,,161.46,63.45378,12.1095,,0.8073,4.52088,,2.09898,,,,78.46956
c07780419.pdf,HP 205 G8 24 All-in-One PC,North America,China,5,72.16,7.3,23.8,426,0.54,,0.45,0.01,0.257,0.133,0.249,0.033,0.032,0.018,0.01,,,,0.268,,230.04,59.12028,30.59532,57.27996,7.59132,7.36128,4.14072,2.3004,,,,61.65072
c08079479.pdf,EliteBook 645 G9,North America,China,4,17.02,1.7,14,180,0.73,0.07,0.2,,0.38,0.09,0.22,0.03,0.02,,,0.04,,,0.22,,131.4,49.932,11.826,28.908,3.942,2.628,,,5.256,,,28.908
c08568444.pdf,HP EliteBook 840 14 inch G10 Notebook PC ENERGY STAR,North America,China,4,21.16,1.8,14,325,0.83,0.03,0.14,,0.366,0.05,0.423,0.014,0.014,,0.002,0.021,,,0.11,,269.75,98.7285,13.4875,114.10425,3.7765,3.7765,,0.5395,5.66475,,,29.6725
c08044154.pdf,HP Pro x360 Fortis 11 inch G9 Notebook PC,North America,China,4,12.63,1.6,11,325,0.89,0.03,0.08,,0.813,0.016,0.051,0.011,0.008,,0.002,0.019,,,0.08,,289.25,235.16025,4.628,14.75175,3.18175,2.314,,0.5785,5.49575,,,23.14
c08405177.pdf,HP V24ie G5,North America,China,5,41.6,4.1,23.8,202,0.43,0.01,0.55,0.01,0.095,0.099,,0.082,0.036,,0.035,,,,0.652,,86.86,8.2517,8.59914,,7.12252,3.12696,,3.0401,,,,56.63272
c08356585.pdf,EliteBook 845 G9,North America,China,4,18.66,1.9,14,210,0.73,0.08,0.19,,0.45,0.08,0.19,0.03,0.02,,,0.04,,,0.19,,153.3,68.985,12.264,29.127,4.599,3.066,,,6.132,,,29.127
c08628838.pdf,HP ZBook Fury 16 G10,North America,China,4,41.79,3.62,16,420,0.74,0.05,0.21,,0.61,0.09,0.09,0.04,0.02,,0.002,0.03,,,0.11,,310.8,189.588,27.972,27.972,12.432,6.216,,0.6216,9.324,,,34.188
c08360693.pdf,HP Chromebook x360 12b,North America,China,4,9.46,1.5,12,175,0.82,0.06,0.12,,0.326,0.037,0.394,0.023,0.016,,0.004,0.028,,,0.172,,143.5,46.781,5.3095,56.539,3.3005,2.296,,0.574,4.018,,,24.682
c08754177.pdf,HP M27fq QHD Monitor,North America,China,5,54.88,3.65,27,290,0.48,,0.51,0.01,0.39,0.03,,0.01,0.02,,0.01,,,,0.54,,139.2,54.288,4.176,,1.392,2.784,,1.392,,,,75.168
c08483215.pdf,HP P24v G5,North America,China,5,37.56,3.6,23.8,189,0.45,0.01,0.53,0.01,0.064,0.048,,0.086,0.035,,0.035,,,,0.732,,85.05,5.4432,4.0824,,7.3143,2.97675,,2.97675,,,,62.2566
c07524841.pdf,HP Mini-in-One 24 Display,North America,China,5,47.4,7.6,23.8,265,0.49,0.01,0.48,0.02,0.193,0.169,,0.053,0.042,,0.055,,,,0.487,,129.85,25.06105,21.94465,,6.88205,5.4537,,7.14175,,,,63.23695
c07856929.pdf,HP M24fd FHD USB-C Monitor,North America,China,5,48.2,3.3,23.8,249,0.47,,0.52,0.01,0.32,0.041,,0.096,0.027,,0.015,,,,0.501,,117.03,37.4496,4.79823,,11.23488,3.15981,,1.75545,,,,58.63203
c08278495.pdf,HP Pro Tower 280 G9 Desktop PC ENERGY STAR,North America,China,5,128.31,6.4,,746,0.54,,0.46,,0.561,0.041,0.284,0.039,0.02,0.009,0.006,,,0.039,,,402.84,225.99324,16.51644,114.40656,15.71076,8.0568,3.62556,2.41704,,,15.71076,
c07525201.pdf,HP t240 Thin Client,North America,China,5,15.1,1.1,,78,0.47,0.01,0.51,0.01,0.647,0.07,,0.059,0.099,0.113,0.011,,,,,,36.66,23.71902,2.5662,,2.16294,3.62934,4.14258,0.40326,,,,
c07525128.pdf,ProBook 630 G8,North America,China,4,13.8,1.6,13.3,150,0.74,0.07,0.19,,0.35,0.06,0.26,0.03,0.03,,0.01,0.04,,,0.24,,111,38.85,6.66,28.86,3.33,3.33,,1.11,4.44,,,26.64
c07524586.pdf,HP Chromebox G3 ENERGY STAR,North America,China,5,21.37,0.94,,130,0.56,,0.44,,0.64,0.03,0.2,0.05,0.06,,0.01,,,,,,72.8,46.592,2.184,14.56,3.64,4.368,,0.728,,,,
c07525214.pdf,HP Z6 G4 Workstation,North America,China,5,165.28,14.8,,754,0.4,,0.59,0.01,0.355,0.23,0.187,0.154,0.052,,0.007,,,,,,301.6,107.068,69.368,56.3992,46.4464,15.6832,,2.1112,,,,
c08335204.pdf,HP Elite Dragonfly Chromebook ENERGY STAR,North America,China,4,17.55,1.5,13.5,183,0.73,0.06,0.21,,0.406,0.083,0.214,0.029,0.021,,0.004,0.037,,,0.206,,133.59,54.23754,11.08797,28.58826,3.87411,2.80539,,0.53436,4.94283,,,27.51954
c08705853.pdf,HP Chromebox G4 ENERGY STAR,North America,China,5,18.91,1,,150,0.66,,0.34,,0.58,0.02,0.3,0.05,0.04,,0.004,,,,,,99,57.42,1.98,29.7,4.95,3.96,,0.396,,,,
c08173120.pdf,HP 255 G9 Notebook PC,North America,China,4,18.81,2.2,15.6,230,0.75,0.07,0.18,,0.46,0.039,0.166,0.036,0.03,,0.004,0.026,,0.052,0.186,,172.5,79.35,6.7275,28.635,6.21,5.175,,0.69,4.485,,8.97,32.085
c07524893.pdf,HP E23 G4 FHD Monitor,North America,China,5,40.23,5.8,23,255,0.56,0.01,0.42,0.01,0.38,0.16,,0.01,0.03,,0.01,,,,0.41,,142.8,54.264,22.848,,1.428,4.284,,1.428,,,,58.548
c08633092.pdf,Victus by HP Gaming Laptop 16-s/16t-s ENERGY STAR,North America,China,4,23.34,3,16.1,410,0.83,0.05,0.12,,0.459,0.017,0.333,0.039,0.027,,0.002,0.023,,,0.101,,340.3,156.1977,5.7851,113.3199,13.2717,9.1881,,0.6806,7.8269,,,34.3703
c07524696.pdf,HP 290 G4 Microtower PC (ENERGY STAR),North America,China,5,139.91,6.18,,550,0.31,,0.68,0.01,0.46,0.09,0.17,0.09,0.04,0.02,0.01,,,0.12,,,170.5,78.43,15.345,28.985,15.345,6.82,3.41,1.705,,,20.46,
c08739583.pdf,HP V27e FHD Monitor,North America,China,5,45.88,4.6,27,265,0.52,0.01,0.46,0.01,0.29,0.18,,,0.02,,0.02,,,,0.48,,137.8,39.962,24.804,,,2.756,,2.756,,,,66.144
c08677221.pdf,HP Chromebook 15a-nb ENERGY STAR,North America,China,4,14.79,2,15.6,185,0.75,0.07,0.17,0.01,0.57,0.04,0.06,0.02,0.03,,0.003,0.04,,,0.23,,138.75,79.0875,5.55,8.325,2.775,4.1625,,0.41625,5.55,,,31.9125
c08540372.pdf,HP OMEN 32c QHD 165Hz Curved Gaming Monitor,North America,China,5,95.5,10,31.5,444,0.41,0.01,0.57,0.01,0.21,0.128,,0.005,0.034,,0.022,,,,0.6,,182.04,38.2284,23.30112,,0.9102,6.18936,,4.00488,,,,109.224
c08468414.pdf,HP Spectre x360 2-in-1 Laptop 14t-ef ENERGY STAR,North America,China,4,18.39,1.6,13.5,482,0.88,0.04,0.08,,0.356,0.019,0.521,0.009,0.007,,0.005,0.016,,,0.065,,424.16,151.00096,8.05904,220.98736,3.81744,2.96912,,2.1208,6.78656,,,27.5704
c08390344.pdf,HP ENVY Desktop PC TE01 ENERGY STAR,North America,China,5,218.5,6.6,,737,0.2,,0.79,0.01,0.511,0.125,,0.094,0.037,0.026,0.017,,,0.176,,,147.4,75.3214,18.425,,13.8556,5.4538,3.8324,2.5058,,,25.9424,
c08543872.pdf,HP OMEN 27 FHD 165Hz Gaming Monitor,North America,China,5,61.4,8.1,27,309,0.45,0.01,0.53,0.01,0.188,0.14,,0.006,0.036,,0.024,,,,0.605,,139.05,26.1414,19.467,,0.8343,5.0058,,3.3372,,,,84.12525
c08503645.pdf,HP E27u G5 QHD USB-C Monitor,North America,China,5,64.64,6.6,27,349,0.49,0.01,0.49,0.01,0.372,0.118,,0.004,0.029,,0.013,,,,0.465,,171.01,63.61572,20.17918,,0.68404,4.95929,,2.22313,,,,79.51965
c08703615.pdf,HP ZHAN 66 Pro A 23.8 inch G10 All-in-One Desktop PC ENERGY STAR,North America,China,5,45.56,6.3,23.8,333,0.62,0.01,0.36,0.01,0.241,0.099,0.276,0.026,0.032,0.016,0.019,,,,0.29,,206.46,49.75686,20.43954,56.98296,5.36796,6.60672,3.30336,3.92274,,,,59.8734
c08012571.pdf,HP Fortis x360 11 inch G4 Chromebook,North America,China,4,12.3,1.7,11,182,0.8,0.06,0.14,,0.335,0.031,0.392,0.027,0.016,,0.003,0.037,,,0.159,,145.6,48.776,4.5136,57.0752,3.9312,2.3296,,0.4368,5.3872,,,23.1504
c07525061.pdf,HP EliteBook 840 G8 Notebook PC ENERGY STAR,North America,China,4,20.04,1.7,14,210,0.74,0.05,0.21,,0.31,0.05,0.37,0.03,0.02,,0.004,0.03,,,0.19,,155.4,48.174,7.77,57.498,4.662,3.108,,0.6216,4.662,,,29.526
c08481023.pdf,HP E27q G5 QHD Monitor,North America,China,5,63.19,7,27,303,0.42,0.01,0.56,0.01,0.152,0.164,,0.011,0.034,,0.024,,,,0.616,,127.26,19.34352,20.87064,,1.39986,4.32684,,3.05424,,,,78.39216
c08405176.pdf,HP P24 G5,North America,China,5,41.6,4.1,23.8,196,0.41,0.01,0.57,0.01,0.106,0.1,,0.018,0.038,,0.037,,,,0.7,,80.36,8.51816,8.036,,1.44648,3.05368,,2.97332,,,,56.252
c07804769.pdf,HP Engage Go 10 Mobile System,Worldwide,China,4,14.45,2.05,10,179,0.77,0.05,0.17,0.01,0.34,0.011,0.413,0.028,0.017,,0.006,0.029,,,0.156,,137.83,46.8622,1.51613,56.92379,3.85924,2.34311,,0.82698,3.99707,,,21.50148
c07524843.pdf,HP P22 G4 21.5-inch monitor,North America,China,5,35.99,3.15,21.5,185,0.47,,0.52,0.01,0.33,0.07,,0.02,0.03,,0.01,,,,0.55,,86.95,28.6935,6.0865,,1.739,2.6085,,0.8695,,,,47.8225
c08569174.pdf,HP Elite x360 1040 14 inch G10 2-in-1 Notebook PC ENERGY STAR,North America,China,4,16.38,1.6,14,217,0.79,0.05,0.16,,0.377,0.045,0.331,0.024,0.017,,0.003,0.032,,,0.171,,171.43,64.62911,7.71435,56.74333,4.11432,2.91431,,0.51429,5.48576,,,29.31453
c07525199.pdf,HP t430 Thin Client,North America,China,5,13.62,1.4,,84,0.55,0.01,0.43,0.01,0.546,0.029,0.165,0.07,0.08,0.098,0.012,,,,,,46.2,25.2252,1.3398,7.623,3.234,3.696,4.5276,0.5544,,,,
c08166228.pdf,HP 15 Laptop PC,North America,China,4,18.54,2.1,15.6,228,0.77,0.06,0.17,,0.391,0.035,0.324,0.022,0.016,,0.002,0.026,,,0.183,,175.56,68.64396,6.1446,56.88144,3.86232,2.80896,,0.35112,4.56456,,,32.12748
c08168057.pdf,HP 15 Laptop PC ENERGY STAR,North America,China,4,19.76,2.1,15.6,231,0.76,0.06,0.18,,0.391,0.035,0.324,0.022,0.016,,0.002,0.026,,,0.183,,175.56,68.64396,6.1446,56.88144,3.86232,2.80896,,0.35112,4.56456,,,32.12748
c08247583.pdf,HP ZHAN 66 Pro 14 G5 Notebook PC,North America,China,4,13.78,1.7,14,167,0.76,0.06,0.18,,0.39,0.06,0.228,0.031,0.024,,0.005,0.036,,,0.227,,126.92,49.4988,7.6152,28.93776,3.93452,3.04608,,0.6346,4.56912,,,28.81084
c08398213.pdf,HP V27i G5,North America,China,5,46.64,5.09,27,237,0.45,0.01,0.53,0.01,0.051,0.054,,0.068,0.033,,0.047,,,,0.747,,106.65,5.43915,5.7591,,7.2522,3.51945,,5.01255,,,,79.66755
c08481008.pdf,HP E27q G5 QHD Monitor No Stand,North America,China,5,63.19,7,27,290,0.4,0.01,0.58,0.01,0.168,0.056,,0.012,0.033,,0.026,,,,0.706,,116,19.488,6.496,,1.392,3.828,,3.016,,,,81.896
c08479211.pdf,HP Elite Dragonfly Chromebook Enterprise ENERGY STAR,North America,China,4,17.55,1.5,13.5,183,0.73,0.06,0.21,,0.406,0.083,0.214,0.029,0.021,,0.004,0.037,,,0.206,,133.59,54.23754,11.08797,28.58826,3.87411,2.80539,,0.53436,4.94283,,,27.51954
c08207988.pdf,EliteBook 650 G9,North America,China,4,15.51,1.9,15.6,180,0.74,0.07,0.19,,0.37,0.08,0.22,0.03,0.02,,0.01,0.03,,,0.24,,133.2,49.284,10.656,29.304,3.996,2.664,,1.332,3.996,,,31.968
c08754887.pdf,OMEN 25L GT11 Desktop PC ENERGY STAR,North America,China,5,146.67,11.06,,610,0.35,,0.65,,0.37,0.19,0.27,0.09,0.04,0.02,0.01,,,,,,213.5,78.995,40.565,57.645,19.215,8.54,4.27,2.135,,,,
c07524666.pdf,HP 200 G4 22 All-in-One PC ENERGY STAR,North America,China,5,108.83,6.4,22,915,0.64,0.02,0.32,0.02,0.47,0.05,0.28,0.02,0.02,,,0.02,,,0.14,,585.6,275.232,29.28,163.968,11.712,11.712,,,11.712,,,81.984
c08173101.pdf,HP 250 G9 Notebook PC,North America,China,4,17.06,2.2,15.6,194,0.73,0.08,0.19,,0.339,0.048,0.204,0.044,0.037,,0.005,0.032,,0.064,0.228,,141.62,48.00918,6.79776,28.89048,6.23128,5.23994,,0.7081,4.53184,,9.06368,32.28936
c08737867.pdf,HP Slim Desktop PC S01-p ENERGY STAR,North America,China,5,94.86,5.35,,450,0.43,,0.57,,0.39,0.06,0.29,0.07,0.06,0.03,0.01,,,0.1,,,193.5,75.465,11.61,56.115,13.545,11.61,5.805,1.935,,,19.35,
c08479950.pdf,HP Chromebook 14at-na ENERGY STAR,North America,China,4,13.92,1.6,14,126,0.67,0.08,0.24,0.01,0.388,0.057,0.09,0.038,0.028,,0.008,0.054,,,0.337,,84.42,32.75496,4.81194,7.5978,3.20796,2.36376,,0.67536,4.55868,,,28.44954
c08468470.pdf,HP Pavilion Laptop 14-ec ENERGY STAR,North America,China,4,20.77,1.7,14,230,0.76,0.05,0.19,,0.33,0.04,0.33,0.02,0.08,,,0.02,,,0.17,,174.8,57.684,6.992,57.684,3.496,13.984,,,3.496,,,29.716
c07524866.pdf,HP V19b Monitor,North America,China,5,28.17,2.5,18.5,174,0.56,,0.43,0.01,0.48,0.045,,0.009,0.023,,0.008,,,,0.435,,97.44,46.7712,4.3848,,0.87696,2.24112,,0.77952,,,,42.3864
c07927182.pdf,HP P22a G4,North America,China,5,31.56,4.9,22,180,0.51,0.01,0.47,0.01,0.136,0.157,,0.103,0.04,,0.022,,,,0.543,,91.8,12.4848,14.4126,,9.4554,3.672,,2.0196,,,,49.8474
c08667152.pdf,HP EliteBook 835 13 inch G10 Notebook PC ENERGY STAR,North America,China,4,17.98,1.72,13.3,235,0.79,0.05,0.16,,0.41,0.06,0.31,0.02,0.02,,0.003,0.03,,,0.15,,185.65,76.1165,11.139,57.5515,3.713,3.713,,0.55695,5.5695,,,27.8475
c08173155.pdf,HP Z2 SFF G9 Workstation Desktop PC,North America,China,5,220.5,5.9,,785,0.25,,0.75,,0.453,0.107,0.297,0.057,0.04,0.018,0.015,,,,,,196.25,88.90125,20.99875,58.28625,11.18625,7.85,3.5325,2.94375,,,,
c07524559.pdf,HP ProDesk 400 G6 SFF,North America,China,5,66,5.1,,380,0.53,,0.46,0.01,0.658,0.061,0.144,0.059,0.047,0.02,0.01,,,,,,201.4,132.5212,12.2854,29.0016,11.8826,9.4658,4.028,2.014,,,,
c08781196.pdf,HP Pavilion Plus Laptop 14-ew ENERGY STAR,North America,China,4,16.6,1.8,14,285,0.83,0.04,0.13,,0.53,0.04,0.24,0.03,0.02,,,0.03,,,0.12,,236.55,125.3715,9.462,56.772,7.0965,4.731,,,7.0965,,,28.386
c07983253.pdf,HP E27m G4 QHD USB-C Conferencing Monitor,North America,China,5,68.86,8.37,27,379,0.5,0.01,0.48,0.01,0.25,0.168,,0.117,0.027,,0.01,,,,0.427,,189.5,47.375,31.836,,22.1715,5.1165,,1.895,,,,80.9165
c08377688.pdf,HP P32u G5 QHD USB-C Monitor,North America,China,5,68.58,8.5,31.5,345,0.45,0.01,0.53,0.01,0.114,0.108,,0.079,0.033,,0.017,,,,0.649,,155.25,17.6985,16.767,,12.26475,5.12325,,2.63925,,,,100.75725
c07524886.pdf,HP E14 G4 Portable Monitor,North America,China,5,11.59,1,14,90,0.64,,0.35,0.01,0.25,0.19,,,0.03,,0.02,,,,0.5,,57.6,14.4,10.944,,,1.728,,1.152,,,,28.8
c08781198.pdf,HP Pavilion Plus Laptop 14t-ew ENERGY STAR,North America,China,4,16.6,1.8,14,285,0.83,0.04,0.13,,0.53,0.04,0.24,0.03,0.02,,,0.03,,,0.12,,236.55,125.3715,9.462,56.772,7.0965,4.731,,,7.0965,,,28.386
c07524845.pdf,HP E24 G4 FHD Monitor,North America,China,5,36.83,5.98,23.8,250,0.59,0.01,0.39,0.01,0.37,0.15,,0.01,0.03,,0.02,,,,0.42,,147.5,54.575,22.125,,1.475,4.425,,2.95,,,,61.95
c08417692.pdf,HP V22b 21.5-inch Monitor,North America,China,5,37.04,5.4,21.5,199,0.48,0.01,0.5,0.01,0.106,0.156,,0.12,0.035,,0.015,,,,0.568,,95.52,10.12512,14.90112,,11.4624,3.3432,,1.4328,,,,54.25536
c08520665.pdf,HP EliteBook 655 15.6 inch G10 Notebook PC ENERGY STAR,North America,China,4,16.93,2,15.6,171,0.71,0.07,0.21,0.01,0.297,0.093,0.236,0.032,0.03,,0.006,0.041,,,0.264,,121.41,36.05877,11.29113,28.65276,3.88512,3.6423,,0.72846,4.97781,,,32.05224
c08408252.pdf,HP P22 G5,North America,China,5,39.07,3.2,21.5,183,0.41,0.01,0.57,0.01,0.11,0.086,,0.095,0.038,,0.039,,,,0.633,,75.03,8.2533,6.45258,,7.12785,2.85114,,2.92617,,,,47.49399
c08705852.pdf,HP Chromebox Enterprise G4 ENERGY STAR,North America,China,5,18.91,1,,150,0.66,,0.34,,0.58,0.02,0.3,0.05,0.04,,0.004,,,,,,99,57.42,1.98,29.7,4.95,3.96,,0.396,,,,
c08622027.pdf,HP Envy Laptop 17-cw/17t-cw ENERGY STAR,North America,China,4,24.02,2.9,17.3,337,0.79,0.06,0.15,,0.329,0.045,0.418,0.022,0.022,,0.005,0.022,,,0.137,,266.23,87.58967,11.98035,111.28414,5.85706,5.85706,,1.33115,5.85706,,,36.47351
c08278487.pdf,HP Elite c645 14 inch G2 Chromebook,North America,China,4,16.49,1.9,14,212,0.77,0.06,0.17,,0.343,0.055,0.349,0.02,0.019,,0.003,0.034,,,0.176,,163.24,55.99132,8.9782,56.97076,3.2648,3.10156,,0.48972,5.55016,,,28.73024
c08170567.pdf,HP Elite Tower 880 G9 Desktop PC,North America,China,5,100.82,7.5,,894,0.7,,0.3,,0.531,0.035,0.356,0.026,0.014,0.006,0.004,,,0.025,,,625.8,332.2998,21.903,222.7848,16.2708,8.7612,3.7548,2.5032,,,15.645,
c08579847.pdf,HP EliteBook 860 16 inch G10 Notebook PC ENERGY STAR,North America,China,4,18.42,2.4,16,391,0.86,0.04,0.1,,0.451,0.047,0.338,0.022,0.012,,0.002,0.026,,,0.101,,336.26,151.65326,15.80422,113.65588,7.39772,4.03512,,0.67252,8.74276,,,33.96226
c08065131.pdf,HP ENVY Desktop PC TE02 ENERGY STAR,North America,China,5,100.48,11.8,,535,0.49,,0.5,0.01,0.336,0.11,0.424,0.06,0.039,0.014,0.016,,,,,,262.15,88.0824,28.8365,111.1516,15.729,10.22385,3.6701,4.1944,,,,
c07524538.pdf,HP Engage Flex Pro Retail System,North America,China,5,48.93,7.9,,259,0.48,0.01,0.5,0.01,0.588,0.192,,0.105,0.059,0.042,0.014,,,,,,124.32,73.10016,23.86944,,13.0536,7.33488,5.22144,1.74048,,,,
c08060113.pdf,HP 23.8 inch All-in-One Desktop PC 24-ck,North America,China,5,56.25,7.1,23.8,506,0.69,,0.3,0.01,0.133,0.111,0.53,0.011,0.024,0.009,0.006,,,,0.175,,349.14,46.43562,38.75454,185.0442,3.84054,8.37936,3.14226,2.09484,,,,61.0995
c08754176.pdf,HP M27fe FHD Monitor,North America,China,5,41.46,3.6,27,240,0.52,,0.47,0.01,0.32,0.03,,0.01,0.03,,0.02,,,,0.6,,124.8,39.936,3.744,,1.248,3.744,,2.496,,,,74.88
c07525202.pdf,HP t740 Thin Client,North America,China,5,57.35,2.3,,274,0.44,,0.56,,0.776,0.039,0.064,0.044,0.034,0.037,0.005,,,,,,120.56,93.55456,4.70184,7.71584,5.30464,4.09904,4.46072,0.6028,,,,
c08207985.pdf,HP Elite x360 1040 14 inch G9 2-in-1Notebook PC,North America,China,4,16.38,1.6,14,196,0.77,0.05,0.18,,0.431,0.108,0.191,0.026,0.02,,0.004,0.031,,,0.191,,150.92,65.04652,16.29936,28.82572,3.92392,3.0184,,0.60368,4.67852,,,28.82572
c08259067.pdf,HP Pro mt440 G3 Mobile Thin Client,North America,China,4,13.78,1.7,14,167,0.76,0.06,0.18,,0.39,0.06,0.228,0.031,0.024,,0.005,0.036,,,0.227,,126.92,49.4988,7.6152,28.93776,3.93452,3.04608,,0.6346,4.56912,,,28.81084
c08398270.pdf,HP ProBook Fortis 14 inch G10 Notebook PC,North America,China,4,13.07,1.9,14,413,0.9,0.03,0.07,,0.833,0.021,0.039,0.009,0.006,,0.001,0.014,,,0.077,,371.7,309.6261,7.8057,14.4963,3.3453,2.2302,,0.3717,5.2038,,,28.6209
c08517650.pdf,HP Laptop 15t-fd ENERGY STAR,North America,China,4,24.77,1.9,15.6,247,0.73,0.05,0.22,,0.404,0.036,0.316,0.018,0.021,,0.003,0.024,,,0.178,,180.31,72.84524,6.49116,56.97796,3.24558,3.78651,,0.54093,4.32744,,,32.09518
c07525143.pdf,HP Pavilion x360 14 Convertible PC,North America,China,4,18.06,1.8,14,227,0.79,0.04,0.17,,0.372,0.086,0.318,0.018,0.017,,0.003,0.025,,,0.16,,179.33,66.71076,15.42238,57.02694,3.22794,3.04861,,0.53799,4.48325,,,28.6928
c08517644.pdf,HP Laptop 15-fd ENERGY STAR /HP Laptop 15-hr ENERGY STAR,North America,China,4,24.77,1.9,15.6,247,0.73,0.05,0.22,,0.404,0.036,0.316,0.018,0.021,,0.003,0.024,,,0.178,,180.31,72.84524,6.49116,56.97796,3.24558,3.78651,,0.54093,4.32744,,,32.09518
c08683377.pdf,HP Laptop 14-ee PC ENERGY STAR /HP Laptop 14t-ee PC ENERGY STAR,North America,China,4,19.88,1.6,14,216,0.75,0.05,0.2,,0.552,0.023,0.177,0.024,0.018,,0.003,0.027,,,0.176,,162,89.424,3.726,28.674,3.888,2.916,,0.486,4.374,,,28.512
c08390345.pdf,HP Pavilion Gaming 17 Laptop PC,North America,China,4,23.78,3.4,17.3,234,0.7,0.08,0.22,,0.453,0.05,0.09,0.071,0.026,,0.003,0.032,,0.054,0.221,,163.8,74.2014,8.19,14.742,11.6298,4.2588,,0.4914,5.2416,,8.8452,36.1998
c07524581.pdf,HP EliteDesk 805 G6 Desktop Mini PC ENERGY STAR,North America,China,5,43.86,2.39,,230,0.49,,0.51,,0.54,0.04,0.26,0.05,0.04,0.04,0.01,,,0.03,,,112.7,60.858,4.508,29.302,5.635,4.508,4.508,1.127,,,3.381,
c08417689.pdf,HP Chromebook x360 11 G3 Education Edition,North America,China,4,10.79,1.6,11.6,113,0.7,0.09,0.2,0.01,0.407,0.059,0.096,0.04,0.029,,0.007,0.058,,,0.304,,79.1,32.1937,4.6669,7.5936,3.164,2.2939,,0.5537,4.5878,,,24.0464
c08442755.pdf,HP Pro t550 Thin Client,North America,China,5,26.61,1.9,,166,0.56,,0.43,0.01,0.493,0.074,0.307,0.037,0.042,0.038,0.008,,,,,,92.96,45.82928,6.87904,28.53872,3.43952,3.90432,3.53248,0.74368,,,,
c07525051.pdf,HP E24q G4 QHD Monitor,North America,China,5,41,6.23,23.8,255,0.56,0.01,0.43,,0.13,0.3,,0.09,0.03,,0.01,,,,0.44,,142.8,18.564,42.84,,12.852,4.284,,1.428,,,,62.832
c08559371.pdf,HP EliteBook 650 15.6 inch G10 Notebook PC ENERGY STAR,North America,China,4,19.24,2,15.6,176,0.69,0.07,0.23,0.01,0.298,0.094,0.237,0.032,0.03,,0.006,0.038,,,0.265,,121.44,36.18912,11.41536,28.78128,3.88608,3.6432,,0.72864,4.61472,,,32.1816
c07524713.pdf,HP EliteDesk 800 G6 Desktop Mini PC(ENERGY STAR),North America,China,5,40.09,2.3,,250,0.56,,0.43,0.01,0.63,0.03,0.21,0.04,0.04,0.03,,,,0.02,,,140,88.2,4.2,29.4,5.6,5.6,4.2,,,,2.8,
c07524626.pdf,HP Desktop Pro G6 Microtower PC ENERGY STAR,North America,China,5,112.96,6.11,,560,0.46,,0.54,,0.54,0.06,0.22,0.04,0.03,0.01,0.01,,0.01,0.08,,,257.6,139.104,15.456,56.672,10.304,7.728,2.576,2.576,,2.576,20.608,
c07525181.pdf,EliteBook 855 G8,North America,China,4,21.55,2,15.6,200,0.7,0.06,0.23,0.01,0.39,0.08,0.2,0.03,0.02,,0.01,0.04,,,0.23,,140,54.6,11.2,28,4.2,2.8,,1.4,5.6,,,32.2
c08417690.pdf,HP Elite mt645 G7 Mobile Thin Client,North America,China,4,17.02,1.7,14,161,0.7,0.07,0.23,,0.319,0.067,0.254,0.034,0.026,,0.005,0.041,,,0.253,,112.7,35.9513,7.5509,28.6258,3.8318,2.9302,,0.5635,4.6207,,,28.5131
c08754174.pdf,HP M24f FHD Monitor,North America,China,5,39.15,2.9,23.8,215,0.49,0.01,0.49,0.01,0.35,0.03,,0.01,0.03,,0.02,,,,0.55,,105.35,36.8725,3.1605,,1.0535,3.1605,,2.107,,,,57.9425
c07888371.pdf,HP Spectre x360 16 inch 2-in-1 Laptop PC,North America,China,4,26.41,2.8,16,264,0.69,0.09,0.21,0.01,0.271,0.108,0.313,0.05,0.024,,0.01,0.041,,,0.182,,182.16,49.36536,19.67328,57.01608,9.108,4.37184,,1.8216,7.46856,,,33.15312
c07524859.pdf,HP E27 G4 FHD monitor,North America,China,5,36.5,7.65,27,285,0.64,0.01,0.34,0.01,0.39,0.11,,0.01,0.03,,0.02,,,,0.45,,182.4,71.136,20.064,,1.824,5.472,,3.648,,,,82.08
c08170791.pdf,HP Z2 Tower G9 Workstation Desktop PC,North America,China,5,170.26,7.6,,680,0.32,,0.67,0.01,0.454,0.116,0.258,0.09,0.041,0.016,0.015,,0.009,,,,217.6,98.7904,25.2416,56.1408,19.584,8.9216,3.4816,3.264,,1.9584,,
c08701858.pdf,HP Engage Flex Pro-C G2 Retail System (ENERGY STAR),North America,China,5,95.39,5,,480,0.46,,0.53,0.01,0.57,0.07,0.26,0.05,0.03,0.02,0.01,,,,,,220.8,125.856,15.456,57.408,11.04,6.624,4.416,2.208,,,,
c08390347.pdf,HP Pavilion 14 Laptop PC (ENERGY STAR),North America,China,4,15.13,1.6,14,205,0.78,0.06,0.16,,0.34,0.05,0.36,0.02,0.02,,,0.03,,,0.18,,159.9,54.366,7.995,57.564,3.198,3.198,,,4.797,,,28.782
c08741432.pdf,HP Pavilion Plus Laptop 14-ey/14z-ey ENERGY STAR,North America,China,4,20.62,1.8,14,290,0.81,0.04,0.15,,0.53,0.04,0.24,0.03,0.02,,,0.03,,,0.12,,234.9,124.497,9.396,56.376,7.047,4.698,,,7.047,,,28.188
c08482304.pdf,HP EliteBook 865 G9,North America,China,4,18.53,2.2,16,236,0.77,0.06,0.17,,0.329,0.083,0.312,0.041,0.018,,0.004,0.03,,,0.181,,181.72,59.78588,15.08276,56.69664,7.45052,3.27096,,0.72688,5.4516,,,32.89132
c08650368.pdf,OMEN by HP Gaming Laptop 16-xd ENERGY STAR/,North America,China,4,31.06,3.1,16.1,341,0.74,0.06,0.2,,0.278,0.026,0.448,0.047,0.032,,0.006,0.032,,,0.132,,252.34,70.15052,6.56084,113.04832,11.85998,8.07488,,1.51404,8.07488,,,33.30888
c08837924.pdf,HP Chromebook Plus 15at-nb ENERGY STAR,North America,China,4,16.63,1.7,14,320,0.85,0.04,0.11,,0.61,0.03,0.21,0.01,0.01,,,0.02,,,0.11,,272,165.92,8.16,57.12,2.72,2.72,,,5.44,,,29.92
c08626164.pdf,HP Dragonfly Pro/Pro ONE (ENERGY STAR),North America,China,4,22.58,2.04,14,597,0.89,0.03,0.08,,0.634,0.04,0.208,0.01,0.039,,0.003,0.013,,,0.054,,531.33,336.86322,21.2532,110.51664,5.3133,20.72187,,1.59399,6.90729,,,28.69182
c08552567.pdf,HP OMEN 24 FHD 165Hz Gaming Monitor,North America,China,5,49.21,6.4,24,284,0.52,0.01,0.46,0.01,0.176,0.338,,0.006,0.028,,0.018,,,,0.434,,147.68,25.99168,49.91584,,0.88608,4.13504,,2.65824,,,,64.09312
c08480326.pdf,Victus by 15t-fa energy star,North America,China,4,20.79,2.8,15.6,224,0.73,0.07,0.2,,0.609,0.035,0.004,0.071,0.034,,0.004,0.044,,,0.198,,163.52,99.58368,5.7232,0.65408,11.60992,5.55968,,0.65408,7.19488,,,32.37696
c08554046.pdf,HP EliteBook 630 13.3 inch G10 Notebook PC ENERGY STAR,North America,China,4,19.79,1.6,13.3,276,0.75,0.09,0.15,0.01,0.24,0.036,0.275,0.019,0.021,,0.003,0.274,,,0.132,,207,49.68,7.452,56.925,3.933,4.347,,0.621,56.718,,,27.324
c08546038.pdf,HP Fortis x360 11 inch G3 J Chromebook ENERGY STAR,North America,China,4,16.41,1.6,11.6,134,0.65,0.08,0.26,0.01,0.469,0.045,0.087,0.039,0.027,,0.004,0.053,,,0.275,,87.1,40.8499,3.9195,7.5777,3.3969,2.3517,,0.3484,4.6163,,,23.9525
c08650369.pdf,OMEN by HP Gaming Laptop 16-xf ENERGY STAR/,North America,China,4,31.06,3.1,16.1,341,0.74,0.06,0.2,,0.278,0.026,0.448,0.047,0.032,,0.006,0.032,,,0.132,,252.34,70.15052,6.56084,113.04832,11.85998,8.07488,,1.51404,8.07488,,,33.30888
c07524878.pdf,HP P19b G4 WXGA Monitor,North America,China,5,23.07,2.6,18.5,150,0.58,,0.41,0.01,0.4,0.05,,,0.03,,0.01,,,,0.5,,87,34.8,4.35,,,2.61,,0.87,,,,43.5
c08456347.pdf,HP Laptop 14z-em ENERGY STAR,North America,China,4,14.15,1.6,14,241,0.83,0.04,0.13,,0.484,0.029,0.285,0.019,0.015,,0.003,0.021,,,0.144,,200.03,96.81452,5.80087,57.00855,3.80057,3.00045,,0.60009,4.20063,,,28.80432
c08295355.pdf,HP Pro Tower 400 G9 PCI Desktop PC,North America,China,5,56.87,7.02,,841,0.65,,0.34,0.01,0.356,0.036,0.402,0.023,0.016,0.007,0.005,,,0.156,,,546.65,194.6074,19.6794,219.7533,12.57295,8.7464,3.82655,2.73325,,,85.2774,
c08739580.pdf,HP Pavilion 15 Laptop PC ENERGY STAR,North America,China,4,19.06,1.98,15.6,215,0.75,0.06,0.19,,0.3,0.06,0.36,0.02,0.02,,0.01,0.03,,,0.2,,161.25,48.375,9.675,58.05,3.225,3.225,,1.6125,4.8375,,,32.25
c08367297.pdf,HyperX Armada 25 Gaming Monitor,North America,China,5,49.45,8.8,24.5,315,0.54,0.01,0.44,0.01,0.246,0.273,,0.071,0.031,,0.019,,,,0.361,,170.1,41.8446,46.4373,,12.0771,5.2731,,3.2319,,,,61.4061
c08170458.pdf,Omen 27u,North America,China,5,110.31,8.5,27,470,0.35,0.01,0.63,0.01,0.236,0.142,,0.069,0.037,,0.024,,,,0.492,,164.5,38.822,23.359,,11.3505,6.0865,,3.948,,,,80.934
c08278490.pdf,HP Pavilion 14 inch Laptop PC,North America,China,4,20.51,1.7,14,213,0.74,0.05,0.21,,0.491,0.054,0.182,0.033,0.019,,0.002,0.031,,,0.186,,157.62,77.39142,8.51148,28.68684,5.20146,2.99478,,0.31524,4.88622,,,29.31732
c07525134.pdf,HP ZBOOK Power G7 Mobile Workstation ENERGY STAR,North America,China,4,20.5,2.4,15.6,230,0.74,0.06,0.19,0.01,0.29,0.08,0.33,0.04,0.02,,0.01,0.04,,,0.19,,170.2,49.358,13.616,56.166,6.808,3.404,,1.702,6.808,,,32.338
c08278504.pdf,HP Pro Tower ZHAN 99 G9 Desktop PC ENERGY STAR,North America,China,5,128.31,6.4,,746,0.54,,0.46,,0.561,0.041,0.284,0.039,0.02,0.009,0.006,,,0.039,,,402.84,225.99324,16.51644,114.40656,15.71076,8.0568,3.62556,2.41704,,,15.71076,
c08739581.pdf,HP ProDesk 600 G6 PCI Microtower PC (ENERGY STAR ),North America,China,5,110.91,6.46,,495,0.39,,0.6,0.01,0.44,0.1,0.29,0.08,0.03,0.02,0.01,,0.01,,,,193.05,84.942,19.305,55.9845,15.444,5.7915,3.861,1.9305,,1.9305,,
c08680533.pdf,HP EliteBook 845 14 inch G10 Notebook PC ENERGY STAR,North America,China,4,18.66,1.7,14,260,0.8,0.04,0.16,,0.47,0.05,0.28,0.02,0.02,,0.003,0.02,,,0.14,,208,97.76,10.4,58.24,4.16,4.16,,0.624,4.16,,,29.12
c07856928.pdf,HP Chromebook x2 11,North America,China,4,14.08,1.2,11,174,0.76,0.06,0.17,0.01,0.265,0.046,0.43,0.024,0.03,,0.006,0.025,,,0.174,,132.24,35.0436,6.08304,56.8632,3.17376,3.9672,,0.79344,3.306,,,23.00976
c07524884.pdf,HP P24 G4 23.8 inch Monitor,North America,China,5,37.41,3.55,23.8,200,0.48,,0.51,0.01,0.3,0.07,,0.01,0.03,,0.01,,,,0.58,,96,28.8,6.72,,0.96,2.88,,0.96,,,,55.68
c08733829.pdf,HP ProOne 400 G6/440 G6/Zhan 66 Pro G3 G6 24 All-in-One PC ENERGY STAR,North America,China,5,62.04,7.7,,395,0.57,,0.42,0.01,0.37,0.07,0.13,0.03,0.05,0.02,0.01,,0.01,0.01,0.28,,225.15,83.3055,15.7605,29.2695,6.7545,11.2575,4.503,2.2515,,2.2515,2.2515,63.042
c08699464.pdf,HP 24h FHD Monitor,North America,China,5,41.6,4.7,23.8,210,0.45,0.01,0.53,0.01,0.09,0.14,,0.06,0.04,,0.03,,,,0.64,,94.5,8.505,13.23,,5.67,3.78,,2.835,,,,60.48
c07780422.pdf,HP 205 Pro G8 24 All-in-One PC,North America,China,5,72.16,7.3,23.8,426,0.54,,0.45,0.01,0.257,0.133,0.249,0.033,0.032,0.018,0.01,,,,0.268,,230.04,59.12028,30.59532,57.27996,7.59132,7.36128,4.14072,2.3004,,,,61.65072
c08409253.pdf,HP Dragonfly Folio 13.5 inch G3 2-in-1 Notebook PC,North America,China,4,27.75,1.7,13.5,267,0.74,0.04,0.22,,0.555,0.086,0.146,0.02,0.019,,0.003,0.031,,,0.14,,197.58,109.6569,16.99188,28.84668,3.9516,3.75402,,0.59274,6.12498,,,27.6612
c08488405.pdf,HP Laptop 15z-fc ENERGY STAR,North America,China,4,16.09,1.7,15.6,202,0.77,0.06,0.17,,0.305,0.045,0.369,0.021,0.021,,0.004,0.028,,,0.208,,155.54,47.4397,6.9993,57.39426,3.26634,3.26634,,0.62216,4.35512,,,32.35232
c07802768.pdf,HP 23.8 inch All-in-One Desktop PC 24-cb,North America,China,5,72.16,5.8,23.8,819,0.72,0.02,0.24,0.02,0.089,0.026,0.096,0.004,0.051,,0.004,,,,0.103,,589.68,52.48152,15.33168,56.60928,2.35872,30.07368,,2.35872,,,,60.73704
c08012570.pdf,HP Fortis x360 11 inch G4 Chromebook Enterprise,North America,China,4,12.3,1.7,11,182,0.8,0.06,0.14,,0.335,0.031,0.392,0.027,0.016,,0.003,0.037,,,0.159,,145.6,48.776,4.5136,57.0752,3.9312,2.3296,,0.4368,5.3872,,,23.1504
c07524701.pdf,HP ProDesk 400 G7 Small Form Factor PC (ENERGY STAR),North America,China,5,70.38,5.08,,440,0.56,,0.43,0.01,0.7,0.05,0.12,0.05,0.04,0.02,0.01,,0.01,0.01,,,246.4,172.48,12.32,29.568,12.32,9.856,4.928,2.464,,2.464,2.464,
c08754180.pdf,HP M27f FHD Monitor,North America,China,5,41.46,3.6,27,240,0.52,,0.47,0.01,0.32,0.03,,0.01,0.03,,0.02,,,,0.6,,124.8,39.936,3.744,,1.248,3.744,,2.496,,,,74.88
c08247275.pdf,HP Pro mt440 G3 Mobile Thin Client,North America,China,4,13.78,1.7,14,167,0.76,0.06,0.18,,0.39,0.06,0.228,0.031,0.024,,0.005,0.036,,,0.227,,126.92,49.4988,7.6152,28.93776,3.93452,3.04608,,0.6346,4.56912,,,28.81084
c08408253.pdf,HP P22h G5,North America,China,5,35.24,4.4,21.5,179,0.45,0.01,0.53,0.01,0.106,0.161,,0.075,0.039,,0.027,,,,0.591,,80.55,8.5383,12.96855,,6.04125,3.14145,,2.17485,,,,47.60505
c08754171.pdf,HP M24fe FHD Monitor,North America,China,5,39.15,2.9,23.8,215,0.49,0.01,0.49,0.01,0.35,0.03,,0.01,0.03,,0.02,,,,0.55,,105.35,36.8725,3.1605,,1.0535,3.1605,,2.107,,,,57.9425
c08540369.pdf,HP Pro x360 435 13.3-inch G10 Notebook PC ENERGY STAR,North America,China,4,16.8,1.6,13.3,240,0.81,0.04,0.15,,0.618,0.03,0.148,0.017,0.02,,0.003,0.024,,,0.141,,194.4,120.1392,5.832,28.7712,3.3048,3.888,,0.5832,4.6656,,,27.4104
c07524853.pdf,HP Z24f G3 FHD Display,North America,China,5,35.15,5.02,23.8,270,0.64,,0.35,0.01,0.52,0.09,,0.01,0.02,,0.01,,,,0.36,,172.8,89.856,15.552,,1.728,3.456,,1.728,,,,62.208
c08483214.pdf,HP Z24q G3,North America,China,5,51.99,5.3,23.8,251,0.43,0.01,0.55,0.01,0.143,0.282,,0.016,0.033,,0.015,,,,0.512,,107.93,15.43399,30.43626,,1.72688,3.56169,,1.61895,,,,55.26016
c08549722.pdf,HP OMEN 27qs QHD 240Hz Gaming Monitor,North America,China,5,101.9,8.1,27,453,0.38,0.01,0.6,0.01,0.389,0.109,,0.007,0.031,,0.019,,,,0.444,,172.14,66.96246,18.76326,,1.20498,5.33634,,3.27066,,,,76.43016
c08390339.pdf,HP Pavilion 27 All-in-One PC,North America,China,5,95.06,10.7,27,558,0.53,,0.46,0.01,0.416,0.122,0.097,0.04,0.03,0.014,0.011,0.003,,0.01,0.259,,295.74,123.02784,36.08028,28.68678,11.8296,8.8722,4.14036,3.25314,0.88722,,2.9574,76.59666
c08361997.pdf,HP 27h FHD Monitor,North America,China,5,45.91,5.9,27,237,0.46,0.01,0.52,0.01,0.076,0.147,,0.059,0.036,,0.039,,,,0.642,,109.02,8.28552,16.02594,,6.43218,3.92472,,4.25178,,,,69.99084
c07524711.pdf,HP ProOne 600 G6 22/Zhan 66 Pro G3 All-in-One PC ENERGY STAR,North America,China,5,62.35,7.07,21.5,370,0.53,0.01,0.45,0.01,0.38,0.08,0.15,0.04,0.05,0.02,0.01,,,,0.27,,196.1,74.518,15.688,29.415,7.844,9.805,3.922,1.961,,,,52.947
c08546152.pdf,HP E45c G5 DQHD Curved Monitor,North America,China,5,136.14,14.9,44.5,718,0.47,0.01,0.51,0.01,0.415,0.144,,0.002,0.028,,0.019,,,,0.392,,337.46,140.0459,48.59424,,0.67492,9.44888,,6.41174,,,,132.28432
c08754170.pdf,HP M22f FHD Monitor,North America,China,5,35.75,2.6,21.5,190,0.49,,0.5,0.01,0.38,0.03,,0.02,0.03,,0.01,,,,0.53,,93.1,35.378,2.793,,1.862,2.793,,0.931,,,,49.343
c07525222.pdf,HP ZCentral 4R Workstation ENERGY STAR,North America,China,5,266,9.94,,1020,0.3,,0.7,,0.55,0.14,0.19,0.04,0.02,,0.01,,,0.04,,,306,168.3,42.84,58.14,12.24,6.12,,3.06,,,12.24,
c07525023.pdf,ProBook 650 G5,North America,China,4,15.17,2.5,15.6,170,0.73,0.08,0.19,,0.32,0.04,0.23,0.03,0.03,,,0.05,,,0.25,,124.1,39.712,4.964,28.543,3.723,3.723,,,6.205,,,31.025
c07525212.pdf,HP Z4 G4 Workstation,North America,China,5,117.1,12.04,,567,0.44,,0.55,0.01,0.418,0.206,0.229,0.073,0.047,0.018,0.009,,,,,,249.48,104.28264,51.39288,57.13092,18.21204,11.72556,4.49064,2.24532,,,,
c07524892.pdf,HP E22 G4 FHD monitor,North America,China,5,36.81,5.92,21.5,255,0.6,0.01,0.38,0.01,0.45,0.16,,0.01,0.02,,0.01,,,,0.35,,153,68.85,24.48,,1.53,3.06,,1.53,,,,53.55
c07645389.pdf,HP V27i FHD Monitor,North America,China,5,45.9,4.6,27,250,0.5,,0.49,0.01,0.28,0.15,,,0.02,,0.01,,,,0.53,,125,35,18.75,,,2.5,,1.25,,,,66.25
c08616078.pdf,HP Envy x360 2-in-1 Laptop 15-fe/15t-feENERGY STAR,North America,China,4,21.87,2.3,15.6,327,0.8,0.05,0.14,0.01,0.341,0.039,0.432,0.02,0.02,,0.004,0.022,,,0.123,,261.6,89.2056,10.2024,113.0112,5.232,5.232,,1.0464,5.7552,,,32.1768
c07524851.pdf,HP Z27q G3 QHD Display,North America,China,5,57.41,6.1,27,365,0.56,0.01,0.42,0.01,0.43,0.16,,,0.02,,0.01,,,,0.37,,204.4,87.892,32.704,,,4.088,,2.044,,,,75.628
c08417691.pdf,HP P24h G4 23.8-inch Monitor,North America,China,5,37.41,4.9,23.8,194,0.47,0.01,0.51,0.01,0.084,0.135,,0.068,0.036,,0.019,,,,0.658,,91.18,7.65912,12.3093,,6.20024,3.28248,,1.73242,,,,59.99644
c07525019.pdf,"EliteBook 840, 846 G6",North America,China,4,22.98,1.8,14,200,0.7,0.06,0.24,,0.44,0.07,0.2,0.03,0.02,,,0.03,,,0.2,,140,61.6,9.8,28,4.2,2.8,,,4.2,,,28
c07877937.pdf,HP Pavilion 23.8 inch All-in-One Desktop PC 24-ca,North America,China,5,72.16,7.3,23.8,426,0.54,,0.45,0.01,0.258,0.132,0.25,0.033,0.032,,0.01,,,,0.268,,230.04,59.35032,30.36528,57.51,7.59132,7.36128,,2.3004,,,,61.65072
c08060140.pdf,OMEN by HP 25L Gaming Desktop PC GT15 ENERGY STAR,North America,China,5,112.47,11.9,,680,0.55,,0.44,0.01,0.235,0.08,0.593,0.042,0.028,0.01,0.011,,,,,,374,87.89,29.92,221.782,15.708,10.472,3.74,4.114,,,,
c07525022.pdf,EliteBook 850 G6,North America,China,4,22.83,2.1,15.6,210,0.7,0.06,0.24,,0.4,0.09,0.2,0.03,0.02,,,0.04,,,0.22,,147,58.8,13.23,29.4,4.41,2.94,,,5.88,,,32.34
c08622352.pdf,HP Envy x360 2-in-1 Laptop 15-fh ENERGY STAR,North America,China,4,19.24,2.2,15.6,237,0.84,0.05,0.11,,0.406,0.037,0.302,0.021,0.027,,0.006,0.03,,,0.171,,199.08,80.82648,7.36596,60.12216,4.18068,5.37516,,1.19448,5.9724,,,34.04268
c07524602.pdf,HP EliteOne 800 G6 27 All in One PC (ENERGY STAR),North America,China,5,101.23,12.31,27,605,0.54,,0.45,0.01,0.36,0.09,0.17,0.03,0.04,0.01,0.02,,,,0.27,,326.7,117.612,29.403,55.539,9.801,13.068,3.267,6.534,,,,88.209
c08559293.pdf,HP EliteBook 640 14 inch G10 Notebook PC ENERGY STAR,North America,China,4,22.34,1.7,14,187,0.68,0.06,0.26,,0.386,0.065,0.226,0.03,0.028,,0.004,0.036,,,0.225,,127.16,49.08376,8.2654,28.73816,3.8148,3.56048,,0.50864,4.57776,,,28.611
c07989121.pdf,HP Fortis 11 inch G9 Chromebook,North America,China,4,11.6,1.52,11,180,0.8,0.06,0.14,,0.308,0.039,0.397,0.043,0.017,,0.003,0.032,,,0.161,,144,44.352,5.616,57.168,6.192,2.448,,0.432,4.608,,,23.184
c08146377.pdf,HP Elite Mini 800 G9 Desktop PC,North America,China,5,54.03,2.4,,285,0.49,,0.51,,0.432,0.036,0.41,0.055,0.036,0.027,0.004,,,,,,139.65,60.3288,5.0274,57.2565,7.68075,5.0274,3.77055,0.5586,,,,
c08373390.pdf,HP P27 G5 FHD Monitor,North America,China,5,46.64,5.3,27,237,0.45,0.01,0.53,0.01,0.05,0.052,,0.075,0.034,,0.035,,,,0.755,,106.65,5.3325,5.5458,,7.99875,3.6261,,3.73275,,,,80.52075
c07525063.pdf,EliteBook 850 G8,North America,China,4,26.1,2.2,15.6,210,0.67,0.06,0.26,0.01,0.4,0.08,0.2,0.03,0.02,,0.01,0.04,,,0.22,,140.7,56.28,11.256,28.14,4.221,2.814,,1.407,5.628,,,30.954
c08398202.pdf,HP V22i G5,North America,China,5,35.24,3.2,21.5,172,0.43,0.01,0.55,0.01,0.111,0.086,,0.095,0.037,,0.032,,,,0.639,,73.96,8.20956,6.36056,,7.0262,2.73652,,2.36672,,,,47.26044
c08584157.pdf,HP Dragonfly 13.5 inch G4 Notebook PC ENERGY STAR,North America,China,4,18.13,1.5,13.5,304,0.84,0.03,0.13,,0.375,0.022,0.433,0.014,0.017,,0.002,0.029,,,0.108,,255.36,95.76,5.61792,110.57088,3.57504,4.34112,,0.51072,7.40544,,,27.57888
c07525020.pdf,"EliteBook 830, 836 G6",North America,China,4,17.02,2,13.3,160,0.7,0.07,0.23,,0.31,0.07,0.26,0.04,0.03,,,0.04,,,0.25,,112,34.72,7.84,29.12,4.48,3.36,,,4.48,,,28
c07645376.pdf,HP Chromebook 14b,North America,China,4,13.19,1.7,14,184,0.79,0.06,0.15,,0.301,0.022,0.393,0.027,0.016,,0.004,0.039,,,0.198,,145.36,43.75336,3.19792,57.12648,3.92472,2.32576,,0.58144,5.66904,,,28.78128
c08827278.pdf,HP Chromebook Plus x360 14ct-cd ENERGY STAR,North America,China,4,16.63,1.7,14,320,0.85,0.04,0.11,,0.61,0.03,0.21,0.01,0.01,,,0.02,,,0.11,,272,165.92,8.16,57.12,2.72,2.72,,,5.44,,,29.92
c08542654.pdf,HP 23.8-inch All-in-One,North America,China,5,36.99,6.28,23.8,304,0.66,0.01,0.32,0.01,0.22,0.1,0.28,0.03,0.03,0.02,0.02,,,,0.3,,200.64,44.1408,20.064,56.1792,6.0192,6.0192,4.0128,4.0128,,,,60.192
c08468445.pdf,HP ZBook Studio 16 inch G9 Mobile Workstation PC,North America,China,4,38.48,2.3,16,471,0.79,0.03,0.18,,0.512,0.036,0.297,0.032,0.009,,0.002,0.023,,,0.089,,372.09,190.51008,13.39524,110.51073,11.90688,3.34881,,0.74418,8.55807,,,33.11601
c08398214.pdf,HP Pro SFF 290/280/ZHAN 66 G9 Desktop PC,North America,China,5,72.84,4.7,,338,0.42,,0.58,,0.447,0.095,0.205,0.084,0.044,0.026,0.011,0.001,,0.09,,,141.96,63.45612,13.4862,29.1018,11.92464,6.24624,3.69096,1.56156,0.14196,,12.7764,
c08543860.pdf,HP OMEN 27s FHD 240Hz Gaming Monitor,North America,China,5,91.06,8.8,27,436,0.42,0.01,0.56,0.01,0.386,0.107,,0.007,0.03,,0.017,,,,0.453,,183.12,70.68432,19.59384,,1.28184,5.4936,,3.11304,,,,82.95336
c08370557.pdf,HP Z24nf G2 23.8-inch Display,North America,China,5,53.06,5.9,23.8,286,0.49,,0.5,0.01,0.343,0.172,,0.008,0.026,,0.016,,,,0.434,,140.14,48.06802,24.10408,,1.12112,3.64364,,2.24224,,,,60.82076
c08737615.pdf,HP 280/280 Pro G5/290 G3 Small Form Factor PC ENERGY STAR,North America,China,5,173.85,5.6,,705,0.34,,0.66,,0.69,0.08,0.12,0.05,0.03,0.02,0.01,,,,,,239.7,165.393,19.176,28.764,11.985,7.191,4.794,2.397,,,,
c07524820.pdf,HP P22h G4 21.5-inch Monitor,North America,China,5,35.99,4.5,21.8,198,0.5,0.01,0.48,0.01,0.29,0.12,,0.015,0.031,,0.017,,,,0.527,,99,28.71,11.88,,1.485,3.069,,1.683,,,,52.173
c08488349.pdf,HP Pro x360 Fortis 11 inch G11 Notebook PC (ENERGY STAR),North America,China,4,11.59,1.7,11.6,374,0.9,0.03,0.07,,0.797,0.013,0.085,0.009,0.007,,0.001,0.016,,,0.071,,336.6,268.2702,4.3758,28.611,3.0294,2.3562,,0.3366,5.3856,,,23.8986
c08208002.pdf,HP ZHAN 99 Pro 23.8 inch G9 All-in-One Desktop PC,North America,China,5,55.55,9.1,23.8,433,0.64,0.01,0.34,0.01,0.314,0.052,0.306,0.048,0.03,0.012,0.011,,,,0.227,,277.12,87.01568,14.41024,84.79872,13.30176,8.3136,3.32544,3.04832,,,,62.90624
c08079482.pdf,HP ProBook 455 15.6 inch G9 Notebook PC,North America,China,4,13.27,1.9,15.6,161,0.73,0.08,0.18,0.01,0.255,0.123,0.244,0.033,0.027,,0.006,0.039,,,0.273,,117.53,29.97015,14.45619,28.67732,3.87849,3.17331,,0.70518,4.58367,,,32.08569
c08545988.pdf,HP OMEN 34c WQHD 165Hz Curved Gaming Monitor,North America,China,5,110.23,10.8,34,490,0.38,0.01,0.6,0.01,0.21,0.148,,0.005,0.035,,0.022,,,,0.58,,186.2,39.102,27.5576,,0.931,6.517,,4.0964,,,,107.996
c07524585.pdf,HP ProDesk 405 G6 Small Form Factor PC ENERGY STAR,North America,China,5,78.7,5.2,,465,0.54,,0.45,0.01,0.65,0.05,0.12,0.05,0.04,0.02,0.01,,0.01,0.06,,,251.1,163.215,12.555,30.132,12.555,10.044,5.022,2.511,,2.511,15.066,
c07524856.pdf,HP E24t G4 FHD Touch Monitor,North America,China,5,39,6.2,23.8,290,0.62,0.01,0.36,0.01,0.38,0.23,,,0.02,,0.01,,,,0.35,,179.8,68.324,41.354,,,3.596,,1.798,,,,62.93
c08482336.pdf,Victus by HP 15z-fb Laptop pc,North America,China,4,18.49,2.8,15,342,0.81,0.05,0.14,,0.36,0.021,0.41,0.042,0.027,,0.002,0.026,,,0.112,,277.02,99.7272,5.81742,113.5782,11.63484,7.47954,,0.55404,7.20252,,,31.02624
c07524694.pdf,HP 280 G6 Microtower PC (ENERGY STAR),North America,China,5,139.91,6.18,,550,0.31,,0.68,0.01,0.46,0.09,0.17,0.09,0.04,0.02,0.01,,,0.12,,,170.5,78.43,15.345,28.985,15.345,6.82,3.41,1.705,,,20.46,
c08502320.pdf,HP E24 G5 FHD Monitor,North America,China,5,35.57,5.8,24,245,0.59,0.01,0.39,0.01,0.379,0.136,,0.01,0.026,,0.016,,,,0.434,,144.55,54.78445,19.6588,,1.4455,3.7583,,2.3128,,,,62.7347
c08737616.pdf,HP ENVY x360 13 Convertible PC (ENERGY STAR),North America,China,4,14,1.5,13.3,195,0.78,0.06,0.16,,0.31,0.04,0.38,0.03,0.02,,0.01,0.03,,,0.18,,152.1,47.151,6.084,57.798,4.563,3.042,,1.521,4.563,,,27.378
c08072916.pdf,HP Fortis 14” G10 Chromebook Enterprise,North America,China,4,14.56,1.8,14,167,0.73,0.07,0.19,0.01,0.497,0.056,0.119,0.026,0.02,,0.004,0.043,,,0.233,,121.91,60.58927,6.82696,14.50729,3.16966,2.4382,,0.48764,5.24213,,,28.40503
c08754888.pdf,OMEN 25L GT12 Desktop PC ENERGY STAR,North America,China,5,146.67,11.06,,610,0.35,,0.65,,0.37,0.19,0.27,0.09,0.04,0.02,0.01,,,,,,213.5,78.995,40.565,57.645,19.215,8.54,4.27,2.135,,,,
c07917065.pdf,HP M24 Webcam 23.8-inch Monitor,North America,China,5,42.69,6.5,23.8,250,0.52,0.01,0.46,0.01,0.183,0.152,,0.161,0.035,,0.014,,,,0.456,,130,23.79,19.76,,20.93,4.55,,1.82,,,,59.28
c08827275.pdf,HP Chromebook Plus x360 14c-cd ENERGY STAR,North America,China,4,16.63,1.7,14,320,0.85,0.04,0.11,,0.61,0.03,0.21,0.01,0.01,,,0.02,,,0.11,,272,165.92,8.16,57.12,2.72,2.72,,,5.44,,,29.92
c07524890.pdf,HP E24q G4 QHD Monitor,North America,China,5,41,6.23,23.8,255,0.56,0.01,0.43,,0.13,0.3,,0.09,0.03,,0.01,,,,0.44,,142.8,18.564,42.84,,12.852,4.284,,1.428,,,,62.832
c08361999.pdf,HP M32fw FHD Monitor,North America,China,5,54.98,5.4,31.5,278,0.45,0.01,0.53,0.01,0.072,0.049,,0.029,0.033,,0.024,,,,0.794,,125.1,9.0072,6.1299,,3.6279,4.1283,,3.0024,,,,99.3294
c08628407.pdf,HP ZBook Power 15.6 inch G10 Mobile Workstation PC ENERGY STAR,North America,China,4,20.78,2.7,15.6,239,0.74,0.07,0.19,,0.312,0.06,0.322,0.052,0.025,,0.004,0.043,,,0.182,,176.86,55.18032,10.6116,56.94892,9.19672,4.4215,,0.70744,7.60498,,,32.18852
c08356592.pdf,HP Pro c645 Chromebook,North America,China,4,22.81,1.7,14,206,0.71,0.05,0.24,,0.299,0.022,0.391,0.028,0.021,,0.004,0.038,,,0.197,,146.26,43.73174,3.21772,57.18766,4.09528,3.07146,,0.58504,5.55788,,,28.81322
c08044155.pdf,HP Z40c G3 Curved USB-C display,North America,China,5,162.27,14.5,40,778,0.42,0.01,0.56,0.01,0.148,0.221,,0.13,0.026,,0.015,,,,0.461,,326.76,48.36048,72.21396,,42.4788,8.49576,,4.9014,,,,150.63636
c08496371.pdf,HP Elite t655 Thin Client,North America,China,5,26.03,1.9,,269,0.7,0.02,0.26,0.02,0.26,0.018,0.151,0.023,0.052,0.492,0.004,,,,,,188.3,48.958,3.3894,28.4333,4.3309,9.7916,92.6436,0.7532,,,,
c08207991.pdf,EliteBook 840 G9,North America,China,4,21.16,1.8,14,210,0.73,0.05,0.22,,0.46,0.08,0.19,0.03,0.02,,,0.04,,,0.19,,153.3,70.518,12.264,29.127,4.599,3.066,,,6.132,,,29.127
c08703609.pdf,HP ProOne 245 23.8 inch G10 All-in-One Desktop PC ENERGY STAR,North America,China,5,45.56,6.3,23.8,333,0.62,0.01,0.36,0.01,0.241,0.099,0.276,0.026,0.032,0.016,0.019,,,,0.29,,206.46,49.75686,20.43954,56.98296,5.36796,6.60672,3.30336,3.92274,,,,59.8734
c08155361.pdf,HP EliteOne 870 27 inch G9 All-in-One Desktop PC,North America,China,5,101.38,12.2,27,559,0.5,0.01,0.49,,0.37,0.117,0.102,0.045,0.04,0.013,0.007,,,,0.304,,279.5,103.415,32.7015,28.509,12.5775,11.18,3.6335,1.9565,,,,84.968
c08754178.pdf,HP M27fwa FHD Monitor,North America,China,5,45.02,3.7,,250,0.5,,0.49,0.01,0.32,0.03,,0.01,0.03,,0.02,,,,0.6,,125,40,3.75,,1.25,3.75,,2.5,,,,75
c07525052.pdf,HP 255 G8 Notebook PC ENERGY STAR,North America,China,4,21.38,2.23,15.6,220,0.73,0.06,0.21,,0.5,0.04,0.18,0.02,0.03,,,0.03,,,0.2,,160.6,80.3,6.424,28.908,3.212,4.818,,,4.818,,,32.12
c08610248.pdf,HP Envy x360 2-in-1 Laptop 15z-fh ENERGY STAR,North America,China,4,19.24,2.2,15.6,237,0.84,0.05,0.11,,0.406,0.037,0.302,0.021,0.027,,0.006,0.03,,,0.171,,199.08,80.82648,7.36596,60.12216,4.18068,5.37516,,1.19448,5.9724,,,34.04268
c08480903.pdf,HP E24t G5 FHD Touch Monitor,North America,China,5,51.49,5.9,24,261,0.45,0.01,0.53,0.01,0.243,0.165,,0.012,0.033,,0.02,,,,0.528,,117.45,28.54035,19.37925,,1.4094,3.87585,,2.349,,,,62.0136
c07981615.pdf,HP 11 inch Tablet PC,North America,China,4,17.86,0.858,11,182,0.73,0.05,0.21,0.01,0.298,0.025,0.426,0.029,0.017,,0.007,0.025,,,0.173,,132.86,39.59228,3.3215,56.59836,3.85294,2.25862,,0.93002,3.3215,,,22.98478
c07787117.pdf,HP P24vb G4,North America,China,5,44.52,5.2,23.8,221,0.43,0.01,0.55,0.01,0.13,0.128,,0.006,0.036,,0.022,,,,0.679,,95.03,12.3539,12.16384,,0.57018,3.42108,,2.09066,,,,64.52537
c08739502.pdf,HP V24i FHD Monitor,North America,China,5,35.4,3.4,23.8,175,0.45,,0.54,0.01,0.07,0.19,,,0.03,,0.01,,,,0.69,,78.75,5.5125,14.9625,,,2.3625,,0.7875,,,,54.3375
c07525130.pdf,ProBook 640 G8,North America,China,4,14.47,1.6,14,150,0.72,0.07,0.21,,0.28,0.07,0.27,0.03,0.03,,,0.04,,,0.27,,108,30.24,7.56,29.16,3.24,3.24,,,4.32,,,29.16
c08754179.pdf,HP M27fw FHD Monitor,North America,China,5,41.46,3.6,27,240,0.52,,0.47,0.01,0.32,0.03,,0.01,0.03,,0.02,,,,0.6,,124.8,39.936,3.744,,1.248,3.744,,2.496,,,,74.88
c08079481.pdf,HP ProBook 445 14 inch G9 Notebook PC,North America,China,4,13.93,1.7,15.6,185,0.77,0.07,0.16,,0.211,0.079,0.4,0.027,0.022,,0.004,0.032,,,0.226,,142.45,30.05695,11.25355,56.98,3.84615,3.1339,,0.5698,4.5584,,,32.1937
c08622084.pdf,HP Z8 Fury G5 Workstation ENERGY STAR,North America,China,5,602.81,25.2,,2456,0.34,,0.66,,0.279,0.103,0.541,0.042,0.026,,0.005,,,,,,835.04,232.97616,86.00912,451.75664,35.07168,21.71104,,4.1752,,,,
c07989120.pdf,HP Fortis 11 inch G9 Chromebook Enterprise,North America,China,4,11.6,1.52,11,180,0.8,0.06,0.14,,0.308,0.039,0.397,0.043,0.017,,0.003,0.032,,,0.161,,144,44.352,5.616,57.168,6.192,2.448,,0.432,4.608,,,23.184
c08221678.pdf,HP Elite Dragonfly 13.5 inch G3 Notebook PC,North America,China,4,20.4,1.6,13.5,280,0.81,0.04,0.15,,0.481,0.055,0.252,0.033,0.014,,0.002,0.033,,,0.129,,226.8,109.0908,12.474,57.1536,7.4844,3.1752,,0.4536,7.4844,,,29.2572
c08678333.pdf,HP EliteBook 865 16 inch G10 Notebook PC ENERGY STAR,North America,China,4,18.53,2.34,16,490,0.88,0.04,0.08,,0.17,0.03,0.52,0.02,0.01,,0.002,0.02,,,0.23,,431.2,73.304,12.936,224.224,8.624,4.312,,0.8624,8.624,,,99.176
c08170568.pdf,HP ENVY 27 inch All-in-One Desktop PC 27-cp ENERGY STAR,North America,China,5,96.13,10.9,27,671,0.61,,0.38,0.01,0.413,0.175,0.14,0.031,0.031,0.01,0.007,,,,0.192,,409.31,169.04503,71.62925,57.3034,12.68861,12.68861,4.0931,2.86517,,,,78.58752
c08377687.pdf,HP P27h G5 FHD Monitor,North America,China,5,43.74,6.1,27,233,0.48,0.01,0.5,0.01,0.075,0.151,,0.065,0.037,,0.039,,,,0.634,,111.84,8.388,16.88784,,7.2696,4.13808,,4.36176,,,,70.90656
c07524622.pdf,HP 285 Pro G6 Microtower PC ENERGY STAR,North America,China,5,109.71,5.65,,490,0.39,,0.6,0.01,0.56,0.08,0.15,0.06,0.04,0.02,0.01,,0.01,0.07,,,191.1,107.016,15.288,28.665,11.466,7.644,3.822,1.911,,1.911,13.377,
c08155360.pdf,HP EliteOne 840 23.8 inch G9 All-in-One Desktop PC,North America,China,5,90.98,9.8,23.8,506,0.51,,0.48,0.01,0.407,0.112,0.112,0.05,0.039,0.015,0.017,,,,0.248,,258.06,105.03042,28.90272,28.90272,12.903,10.06434,3.8709,4.38702,,,,63.99888
c08759674.pdf,HP U27 4K 27-inch monitor,North America,China,5,76.5,5.8,27,325,0.36,,0.63,0.01,0.14,0.09,,0.06,0.03,,0.02,,,,0.66,,117,16.38,10.53,,7.02,3.51,,2.34,,,,77.22
c07525160.pdf,HP ENVY 17.3 inch Laptop PC,North America,China,4,23.78,2.8,17.3,248,0.72,0.07,0.2,0.01,0.327,0.061,0.319,0.022,0.028,,0.008,0.033,,,0.203,,178.56,58.38912,10.89216,56.96064,3.92832,4.99968,,1.42848,5.89248,,,36.24768
c08480902.pdf,HP E24q G5 FHD Touch Monitor,North America,China,5,54.68,6,24,275,0.45,0.01,0.53,0.01,0.263,0.158,,0.011,0.032,,0.019,,,,0.517,,123.75,32.54625,19.5525,,1.36125,3.96,,2.35125,,,,63.97875
c07524855.pdf,HP Z24n G3 WUXGA Display,North America,China,5,46.95,5.38,24.1,315,0.58,0.01,0.4,0.01,0.49,0.13,,0.01,0.02,,0.01,,,,0.35,,182.7,89.523,23.751,,1.827,3.654,,1.827,,,,63.945
c08395046.pdf,HP V22ve G5,North America,China,5,35.48,3,22,196,0.5,0.01,0.48,0.01,0.368,0.035,,0.008,0.027,,0.024,,,,0.539,,98,36.064,3.43,,0.784,2.646,,2.352,,,,52.822
c08424452.pdf,HP M27h FHD Monitor,North America,China,5,41.46,4.7,27,214,0.46,0.01,0.52,0.01,0.091,0.144,,0.04,0.035,,0.017,,,,0.673,,98.44,8.95804,14.17536,,3.9376,3.4454,,1.67348,,,,66.25012
c07524599.pdf,HP EliteDesk 800/880 G6 Tower PC (ENERGY STAR),North America,China,5,113.66,7.2,,540,0.43,,0.56,0.01,0.67,0.16,,0.05,0.03,0.02,0.01,,,0.06,,,232.2,155.574,37.152,,11.61,6.966,4.644,2.322,,,13.932,
c08569435.pdf,OMEN by HP Transcend Gaming Laptop 16t-u ENERGY STAR,North America,China,4,36.77,2.8,16,596,0.84,0.03,0.13,,0.414,0.028,0.452,0.006,0.016,,0.003,0.014,,,0.066,,500.64,207.26496,14.01792,226.28928,3.00384,8.01024,,1.50192,7.00896,,,33.04224
c08579854.pdf,HP EliteBook 1040 14 inch G10 Notebook PC ENERGY STAR,North America,China,4,21.16,1.5,14,194,0.72,0.05,0.23,,0.389,0.104,0.207,0.028,0.025,,0.004,0.032,,,0.211,,139.68,54.33552,14.52672,28.91376,3.91104,3.492,,0.55872,4.46976,,,29.47248
c07524601.pdf,HP EliteOne 800 G6 24 All in One PC (ENERGY STAR),North America,China,5,93,8.92,23.8,505,0.5,,0.49,0.01,0.32,0.1,0.23,0.04,0.04,0.02,0.02,,,,0.24,,252.5,80.8,25.25,58.075,10.1,10.1,5.05,5.05,,,,60.6
c07917066.pdf,HP M27 Webcam 27-inch Monitor,North America,China,5,52.26,7.5,27,296,0.5,0.01,0.47,0.02,0.16,0.136,,0.141,0.035,,0.016,,,,0.512,,148,23.68,20.128,,20.868,5.18,,2.368,,,,75.776
c08552575.pdf,OMEN 32q QHD 165Hz Gaming Monitor,North America,China,5,82.63,9,32,397,0.42,0.01,0.56,0.01,0.225,0.138,,0.005,0.034,,0.021,,,,0.577,,166.74,37.5165,23.01012,,0.8337,5.66916,,3.50154,,,,96.20898
c07525029.pdf,HP Elite x2 G4,North America,China,4,21.04,1.1,13,199,0.72,0.05,0.23,,0.299,0.03,0.394,0.027,0.017,,0.005,0.032,,,0.195,,143.28,42.84072,4.2984,56.45232,3.86856,2.43576,,0.7164,4.58496,,,27.9396
c08424454.pdf,HP t640 Thin Client,North America,China,5,37.85,2,,192,0.46,,0.53,0.01,0.651,0.045,0.165,0.036,0.044,0.049,0.009,,,,,,88.32,57.49632,3.9744,14.5728,3.17952,3.88608,4.32768,0.79488,,,,
c08559781.pdf,HP 470 17 inch G10 Notebook PC ENERGY STAR,North America,China,4,29.33,2.5,17.3,534,0.85,0.03,0.12,,0.755,0.014,0.125,0.009,0.008,,0.002,0.009,,,0.078,,453.9,342.6945,6.3546,56.7375,4.0851,3.6312,,0.9078,4.0851,,,35.4042
c07983252.pdf,HP E24m G4 FHD USB-C Conferencing Monitor,North America,China,5,43.74,7.4,24,286,0.57,0.01,0.41,0.01,0.212,0.248,,0.103,0.03,,0.02,,,,0.388,,163.02,34.56024,40.42896,,16.79106,4.8906,,3.2604,,,,63.25176
c08409255.pdf,HP Z32k G3 4K USB-C Display,North America,China,5,97.8,9.6,31.5,496,0.45,0.01,0.53,0.01,0.157,0.214,,0.146,0.027,,0.031,,,,0.426,,223.2,35.0424,47.7648,,32.5872,6.0264,,6.9192,,,,95.0832
c08559778.pdf,HP 255 15.6 inch G10 Notebook PC ENERGY STAR,North America,China,4,16.09,1.7,15.6,202,0.77,0.06,0.17,,0.305,0.045,0.369,0.021,0.021,,0.004,0.028,,,0.208,,155.54,47.4397,6.9993,57.39426,3.26634,3.26634,,0.62216,4.35512,,,32.35232
c08479951.pdf,HP 21-b All-in-One PC ENERGY STAR,North America,China,5,49.84,5.3,20.7,282,0.52,,0.47,0.01,0.29,0.061,0.101,0.031,0.044,0.031,0.008,,,0.096,0.339,,146.64,42.5256,8.94504,14.81064,4.54584,6.45216,4.54584,1.17312,,,14.07744,49.71096
c08680532.pdf,HP ZBook Firefly 14 inch G10 A Mobile Workstation PC ENERGY STAR,North America,China,4,18.66,1.7,14,260,0.8,0.04,0.16,,0.47,0.05,0.28,0.02,0.02,,0.003,0.02,,,0.14,,208,97.76,10.4,58.24,4.16,4.16,,0.624,4.16,,,29.12
c08479234.pdf,HP 245 G9 Notebook PC,North America,China,4,16.33,1.7,14,196,0.75,0.07,0.18,,0.483,0.027,0.196,0.043,0.021,,0.005,0.03,,,0.195,,147,71.001,3.969,28.812,6.321,3.087,,0.735,4.41,,,28.665
c08470328.pdf,HP Z24m G3 QHD Conferencing Display,North America,China,5,65.88,6.2,23.8,350,0.48,0.01,0.5,0.01,0.414,0.17,,0.008,0.025,,0.01,,,,0.373,,168,69.552,28.56,,1.344,4.2,,1.68,,,,62.664
c08218907.pdf,HP EliteBook 830 G9 Notebook PC,North America,China,4,16.45,1.6,13.3,282,0.84,0.04,0.12,,0.319,0.046,0.468,0.014,0.013,,0.002,0.023,,,0.115,,236.88,75.56472,10.89648,110.85984,3.31632,3.07944,,0.47376,5.44824,,,27.2412
c08633099.pdf,Victus by HP Gaming Laptop 16-s/16t-s ENERGY STAR,North America,China,4,23.34,3,16.1,410,0.83,0.05,0.12,,0.459,0.017,0.333,0.039,0.027,,0.002,0.023,,,0.101,,340.3,156.1977,5.7851,113.3199,13.2717,9.1881,,0.6806,7.8269,,,34.3703
c07525116.pdf,EliteBook 845 G7,North America,China,4,19.79,1.8,14,180,0.7,0.06,0.24,,0.37,0.08,0.23,0.03,0.02,,0.01,0.04,,,0.23,,126,46.62,10.08,28.98,3.78,2.52,,1.26,5.04,,,28.98
c08837919.pdf,HP Chromebook Plus 15a-nb ENERGY STAR,North America,China,4,16.63,1.7,14,320,0.85,0.04,0.11,,0.61,0.03,0.21,0.01,0.01,,,0.02,,,0.11,,272,165.92,8.16,57.12,2.72,2.72,,,5.44,,,29.92
c07525040.pdf,HP mt32 Mobile Thin Client ENERGY STAR,North America,China,5,20.09,1.5,,200,0.74,0.05,0.21,,0.47,0.07,0.19,0.03,0.02,,,0.03,,,0.18,,148,69.56,10.36,28.12,4.44,2.96,,,4.44,,,26.64
c08207986.pdf,HP Elite x360 830 13 inch G9 2-in-1Notebook PC,North America,China,4,14.67,1.6,13.3,298,0.86,0.03,0.11,,0.368,0.046,0.431,0.013,0.012,,0.002,0.022,,,0.106,,256.28,94.31104,11.78888,110.45668,3.33164,3.07536,,0.51256,5.63816,,,27.16568
c08362001.pdf,HP V27ie G5 FHD Monitor,North America,China,5,45.91,4.6,27,227,0.44,0.01,0.54,0.01,0.083,0.1,,0.072,0.035,,0.04,,,,0.671,,99.88,8.29004,9.988,,7.19136,3.4958,,3.9952,,,,67.01948
c08568449.pdf,HP ZBook Firefly 14 inch G10 Mobile Workstation PC,North America,China,4,21.16,1.8,14,325,0.83,0.03,0.14,,0.366,0.05,0.423,0.014,0.014,,0.002,0.021,,,0.11,,269.75,98.7285,13.4875,114.10425,3.7765,3.7765,,0.5395,5.66475,,,29.6725
c08390343.pdf,HP Pavilion Gaming 15 Laptop PC,North America,China,4,30.75,2.4,15.6,286,0.72,0.05,0.23,,0.429,0.034,0.278,0.045,0.019,,0.002,0.026,,0.011,0.157,,205.92,88.33968,7.00128,57.24576,9.2664,3.91248,,0.41184,5.35392,,2.26512,32.32944
c08746290.pdf,HP Z4 Rack G5 Workstation ENERGY STAR,North America,China,5,565.81,11.55,,1815,0.16,,0.83,0.01,0.47,0.14,0.19,0.05,0.06,0.01,0.03,,,0.04,,,290.4,136.488,40.656,55.176,14.52,17.424,2.904,8.712,,,11.616,
c08759678.pdf,,North America,China,5,105.83,10.6,34,520,0.44,0.01,0.54,0.01,0.35,0.12,,,0.03,,0.02,,,,0.47,,228.8,80.08,27.456,,,6.864,,4.576,,,,107.536
c08278508.pdf,HP Pro x360 435 13.3 inch G9 Notebook PC,North America,China,4,16.8,1.6,13.3,177,0.74,0.06,0.2,,0.539,0.049,0.113,0.025,0.025,,0.005,0.035,,,0.209,,130.98,70.59822,6.41802,14.80074,3.2745,3.2745,,0.6549,4.5843,,,27.37482
c08701852.pdf,HP Engage Flex Pro G2 Retail System (ENERGY STAR),North America,China,5,111.95,6.9,,505,0.4,,0.59,0.01,0.46,0.12,0.28,0.06,0.04,0.02,0.02,,,,,,202,92.92,24.24,56.56,12.12,8.08,4.04,4.04,,,,
c08480882.pdf,HP Engage Go 13.5-inch Convertible System,North America,China,4,17.26,1.4,13.5,274,0.85,,0.14,0.01,0.644,0.047,0.123,0.017,0.019,,0.012,0.02,,,0.118,,232.9,149.9876,10.9463,28.6467,3.9593,4.4251,,2.7948,4.658,,,27.4822
c08424449.pdf,HP Engage Go 13.5 inch Mobile System (ENERGY STAR),North America,China,4,17.26,1.4,13.5,274,0.85,,0.14,0.01,0.644,0.047,0.123,0.017,0.019,,0.012,0.02,,,0.118,,232.9,149.9876,10.9463,28.6467,3.9593,4.4251,,2.7948,4.658,,,27.4822
c07524692.pdf,HP 282 Pro G6 Micro tower PC (ENERGY STAR),North America,China,5,139.91,6.18,,550,0.31,,0.68,0.01,0.46,0.09,0.17,0.09,0.04,0.02,0.01,,,0.12,,,170.5,78.43,15.345,28.985,15.345,6.82,3.41,1.705,,,20.46,
c08544948.pdf,HP ProOne 240 23.8 inch G10 All-in-One Desktop PC ENERGY STAR,North America,China,5,36.99,6.3,23.8,308,0.66,0.01,0.32,0.01,0.244,0.089,0.279,0.026,0.033,0.018,0.019,,,,0.293,,203.28,49.60032,18.09192,56.71512,5.28528,6.70824,3.65904,3.86232,,,,59.56104
c08754183.pdf,HP Pavilion Plus 16-ab/16t-ab inch Laptop PC ENERGY STAR,North America,China,4,15.53,2.17,16,360,0.87,0.04,0.09,,0.56,0.04,0.18,0.02,0.06,,,0.02,,,0.11,,313.2,175.392,12.528,56.376,6.264,18.792,,,6.264,,,34.452
c08482389.pdf,HP EliteBook 1040 14  inch G9 Notebook PC,North America,China,4,21.16,1.5,14,234,0.77,0.04,0.19,,0.373,0.085,0.318,0.018,0.017,,0.003,0.025,,,0.16,,180.18,67.20714,15.3153,57.29724,3.24324,3.06306,,0.54054,4.5045,,,28.8288
c07524857.pdf,HP E27q G4 QHD Monitor,North America,China,5,49,4.95,27,300,0.55,0.01,0.43,0.01,0.43,0.02,,,0.02,,0.02,,,,0.49,,165,70.95,3.3,,,3.3,,3.3,,,,80.85
c08395045.pdf,HyperX Armada 27 Gaming Monitor,North America,China,5,94.83,9.5,27,477,0.45,0.01,0.53,0.01,0.401,0.22,,0.004,0.026,,0.017,,,,0.333,,214.65,86.07465,47.223,,0.8586,5.5809,,3.64905,,,,71.47845
c08520666.pdf,HP ProBook 455 15.6 inch G10 Notebook PC ENERGY STAR,North America,China,4,13.27,2,15.6,162,0.74,0.08,0.18,,0.301,0.084,0.24,0.032,0.03,,0.006,0.038,,,0.268,,119.88,36.08388,10.06992,28.7712,3.83616,3.5964,,0.71928,4.55544,,,32.12784
c07524835.pdf,HP P204v 19.5-inch Monitor,North America,China,5,29.09,3.08,19.5,173,0.54,,0.45,0.01,0.393,0.063,,0.015,0.027,,0.013,,,,0.489,,93.42,36.71406,5.88546,,1.4013,2.52234,,1.21446,,,,45.68238
c08207987.pdf,EliteBook 640 G9,North America,China,4,16.53,1.7,14,170,0.73,0.06,0.21,,0.39,0.06,0.23,0.03,0.02,,,0.04,,,0.23,,124.1,48.399,7.446,28.543,3.723,2.482,,,4.964,,,28.543
c08395047.pdf,HP V22v G5,North America,China,5,35.48,3,22,196,0.5,0.01,0.48,0.01,0.368,0.035,,0.008,0.027,,0.024,,,,0.539,,98,36.064,3.43,,0.784,2.646,,2.352,,,,52.822
c08482345.pdf,HP M27m Conferencing Monitor,North America,China,5,43.29,7.6,27,255,0.52,0.01,0.45,0.02,0.18,0.176,,0.01,0.037,,0.016,,,,0.581,,132.6,23.868,23.3376,,1.326,4.9062,,2.1216,,,,77.0406
c08247379.pdf,HP ProBook 450 G9 Notebook PC,North America,China,4,16.03,1.9,15.6,180,0.74,0.07,0.19,,0.37,0.078,0.217,0.029,0.023,,0.006,0.035,,,0.242,,133.2,49.284,10.3896,28.9044,3.8628,3.0636,,0.7992,4.662,,,32.2344
c08208000.pdf,HP ZBook Firefly 16 inch G9 Mobile Workstation PC,North America,China,4,18.42,2.4,16,245,0.78,0.06,0.16,,0.335,0.08,0.299,0.039,0.018,,0.004,0.047,,,0.178,,191.1,64.0185,15.288,57.1389,7.4529,3.4398,,0.7644,8.9817,,,34.0158
c08559746.pdf,HP 240 G10 Notebook PC ENERGY STAR,North America,China,4,19.88,1.6,14,216,0.75,0.05,0.2,,0.552,0.023,0.177,0.024,0.018,,0.003,0.027,,,0.176,,162,89.424,3.726,28.674,3.888,2.916,,0.486,4.374,,,28.512
c08398268.pdf,OMEN by HP 16t-k inch Gaming Laptop PC,North America,China,4,34.85,3,16.1,339,0.71,0.06,0.22,0.01,0.242,0.041,0.468,0.055,0.019,,0.005,0.032,,,0.138,,240.69,58.24698,9.86829,112.64292,13.23795,4.57311,,1.20345,7.70208,,,33.21522
c08559799.pdf,HP 250 15.6 inch G10 Notebook PC ENERGY STAR,North America,China,4,24.77,3.1,16.1,247,0.73,0.05,0.22,,0.404,0.036,0.316,0.018,0.021,,0.003,0.024,,,0.178,,180.31,72.84524,6.49116,56.97796,3.24558,3.78651,,0.54093,4.32744,,,32.09518
c07525091.pdf,EliteBook 850 G7,North America,China,4,19.96,2.1,15.6,200,0.72,0.06,0.21,0.01,0.4,0.09,0.2,0.03,0.02,,0.01,0.04,,,0.22,,144,57.6,12.96,28.8,4.32,2.88,,1.44,5.76,,,31.68
c08405175.pdf,HP P22v G5 Monitor,North America,China,5,35.48,3.01,21.5,170,0.43,,0.56,0.01,0.072,0.047,,0.104,0.036,,0.029,,,,0.712,,73.1,5.2632,3.4357,,7.6024,2.6316,,2.1199,,,,52.0472
c08221680.pdf,EliteBook 630 G9,North America,China,4,15.86,1.5,13.3,170,0.73,0.06,0.2,0.01,0.4,0.05,0.23,0.03,0.02,,0.01,0.04,,,0.22,,124.1,49.64,6.205,28.543,3.723,2.482,,1.241,4.964,,,27.302
c08559367.pdf,HP Z8 G5 Workstation,North America,China,5,942.91,25.54,,3886,0.35,,0.65,,0.17,0.06,0.65,0.03,0.02,0.002,0.002,,0.002,,,,1360.1,231.217,81.606,884.065,40.803,27.202,2.7202,2.7202,,2.7202,,
c08207999.pdf,HP ZBook Firefly 14 inch G9 Mobile Workstation PC,North America,China,4,21.16,1.8,14,238,0.76,0.05,0.19,,0.391,0.064,0.313,0.021,0.017,,0.003,0.032,,,0.158,,180.88,70.72408,11.57632,56.61544,3.79848,3.07496,,0.54264,5.78816,,,28.57904
c08554051.pdf,Victus by HP Gaming Laptop 16t-r ENERGY STAR,North America,China,4,32.92,3.1,16.1,430,0.79,0.05,0.16,,0.459,0.017,0.333,0.039,0.026,,0.002,0.023,,,0.101,,339.7,155.9223,5.7749,113.1201,13.2483,8.8322,,0.6794,7.8131,,,34.3097
c07524690.pdf,HP 280 Pro G6 Micro tower PC (ENERGY STAR),North America,China,5,139.91,6.18,,550,0.31,,0.68,0.01,0.46,0.09,0.17,0.09,0.04,0.02,0.01,,,0.12,,,170.5,78.43,15.345,28.985,15.345,6.82,3.41,1.705,,,20.46,
c08837914.pdf,HP Z6 G5 A Workstation ENERGY STAR,North America,China,5,364.79,15.75,,1415,0.31,,0.69,,0.45,0.12,0.26,0.08,0.03,0.01,0.01,,,0.05,,,438.65,197.3925,52.638,114.049,35.092,13.1595,4.3865,4.3865,,,21.9325,
c07525115.pdf,EliteBook 835 G7,North America,China,4,19.74,1.7,13.3,170,0.69,0.06,0.25,,0.45,0.07,0.25,0.03,0.03,,0.01,0.04,,,0.12,,117.3,52.785,8.211,29.325,3.519,3.519,,1.173,4.692,,,14.076
c08503626.pdf,HP E24u G5 FHD USB-C Monitor,North America,China,5,45.67,6,23.8,279,0.54,0.01,0.44,0.01,0.418,0.117,,0.005,0.029,,0.011,,,,0.421,,150.66,62.97588,17.62722,,0.7533,4.36914,,1.65726,,,,63.42786
c08202127.pdf,HP Elite Tower 800 G9 Desktop PC,North America,China,5,100.82,7.5,,894,0.7,,0.3,,0.531,0.035,0.356,0.026,0.014,0.006,0.004,,,0.025,,,625.8,332.2998,21.903,222.7848,16.2708,8.7612,3.7548,2.5032,,,15.645,
c08569433.pdf,HP ENVY x360 2-in-1 Laptop 14t-es ENERGY STAR,North America,China,4,14.86,2,14,320,0.85,0.05,0.1,,0.407,0.027,0.415,0.014,0.013,,0.004,0.016,,,0.105,,272,110.704,7.344,112.88,3.808,3.536,,1.088,4.352,,,28.56
c07525098.pdf,HP mt22 mobile thin client,North America,China,5,17.85,1.98,,180,0.72,0.06,0.21,0.01,0.39,0.07,0.22,0.03,0.03,,,0.03,,,0.22,,129.6,50.544,9.072,28.512,3.888,3.888,,,3.888,,,28.512
c07524592.pdf,HP EliteDesk 800 G6 Small Form Factor PC (ENERGY STAR),North America,China,5,87.4,5.7,,380,0.38,,0.61,0.01,0.6,0.12,,0.09,0.04,0.02,0.01,,0.02,0.1,,,144.4,86.64,17.328,,12.996,5.776,2.888,1.444,,2.888,14.44,
c08759676.pdf,HP U32 4K HDR Monitor,North America,China,5,90.83,8.9,31.5,450,0.44,0.01,0.54,0.01,0.15,0.25,,0.07,0.03,,0.03,,,,0.47,,198,29.7,49.5,,13.86,5.94,,5.94,,,,93.06
c08481388.pdf,HP Chromebook x360 13.3 inch,North America,China,4,12.99,1.6,13.3,205,0.81,0.05,0.14,,0.746,0.025,,0.019,0.014,,0.003,0.029,,,0.164,,166.05,123.8733,4.15125,,3.15495,2.3247,,0.49815,4.81545,,,27.2322
c08610269.pdf,HP Envy x360 2-in-1 Laptop 15-fe/15t-feENERGY STAR,North America,China,4,21.87,2.3,15.6,327,0.8,0.05,0.14,0.01,0.341,0.039,0.432,0.02,0.02,,0.004,0.022,,,0.123,,261.6,89.2056,10.2024,113.0112,5.232,5.232,,1.0464,5.7552,,,32.1768
c07525064.pdf,HP ZBook Firefly 15 G8,North America,China,4,26.1,2.02,15.6,240,0.71,0.06,0.23,,0.33,0.07,0.33,0.02,0.022,,0.005,0.03,,,0.19,,170.4,56.232,11.928,56.232,3.408,3.7488,,0.852,5.112,,,32.376
c08569432.pdf,HP ENVY x360 2-in-1 Laptop 14-es ENERGY STAR,North America,China,4,14.86,2,14,320,0.85,0.05,0.1,,0.407,0.027,0.415,0.014,0.013,,0.004,0.016,,,0.105,,272,110.704,7.344,112.88,3.808,3.536,,1.088,4.352,,,28.56
c07525060.pdf,HP EliteBook x360 830 G8 Notebook PC,North America,China,4,17.65,1.64,13.3,240,0.79,0.05,0.16,,0.42,0.06,0.3,0.02,0.02,,,0.03,,,0.14,,189.6,79.632,11.376,56.88,3.792,3.792,,,5.688,,,26.544
c08417686.pdf,HP 470 G7 Notebook PC,North America,China,4,19.74,2.7,17.3,259,0.78,0.06,0.16,,0.409,0.035,0.284,0.019,0.016,,0.002,0.022,,,0.18,,202.02,82.62618,7.0707,57.37368,3.83838,3.23232,,0.40404,4.44444,,,36.3636
c07524861.pdf,HP V24b Monitor,North America,China,5,41.26,6,23.6,258,0.56,,0.43,0.01,0.405,0.108,,0.009,0.024,,0.01,,,,0.444,,144.48,58.5144,15.60384,,1.30032,3.46752,,1.4448,,,,64.14912
c08480901.pdf,HP E22 G5 FHD Monitor,North America,China,5,36.95,5.3,22,192,0.47,0.01,0.51,0.01,0.096,0.21,,0.017,0.039,,0.022,,,,0.616,,90.24,8.66304,18.9504,,1.53408,3.51936,,1.98528,,,,55.58784
c08754175.pdf,HP M27fd FHD USB-C Monitor,North America,China,5,53.05,3.95,27,275,0.47,0.01,0.51,0.01,0.34,0.03,,0.02,0.03,,0.02,,,,0.57,,129.25,43.945,3.8775,,2.585,3.8775,,2.585,,,,73.6725
c08377684.pdf,HP Pavilion Gaming Desktop PC TG01,North America,China,5,218.58,6.6,,794,0.26,,0.74,,0.62,0.09,0.14,0.076,0.043,,0.012,,,,,,206.44,127.9928,18.5796,28.9016,15.68944,8.87692,,2.47728,,,,
c07856930.pdf,Omen 27c,North America,China,5,82.04,7.4,27,381,0.41,0.01,0.57,0.01,0.214,0.175,,0.06,0.034,,0.014,,,,0.502,,156.21,33.42894,27.33675,,9.3726,5.31114,,2.18694,,,,78.41742
c08295166.pdf,HP Pro Mini 400 G9 Desktop PC,North America,China,5,28.3776,2.4,,243,0.4,,0.59,0.01,0.471,0.051,0.295,0.056,0.051,0.038,0.006,0.001,,0.032,,,97.2,45.7812,4.9572,28.674,5.4432,4.9572,3.6936,0.5832,0.0972,,3.1104,
c08579853.pdf,HP EliteBook 830 13 inch G10 Notebook PC ENERGY STAR,North America,China,4,16.45,1.7,13.3,225,0.79,0.05,0.16,,0.423,0.029,0.317,0.022,0.019,,0.003,0.031,,,0.156,,177.75,75.18825,5.15475,56.34675,3.9105,3.37725,,0.53325,5.51025,,,27.729
c08417687.pdf,HP Chromebook 11 G8 Education Edition,North America,China,4,10.3,1.5,11.6,106,0.7,0.09,0.21,,0.426,0.048,0.056,0.043,0.031,,0.007,0.063,,,0.326,,74.2,31.6092,3.5616,4.1552,3.1906,2.3002,,0.5194,4.6746,,,24.1892
c07525211.pdf,HP Z8 G4 Workstation,North America,China,5,511.37,24.67,,1780,0.23,,0.77,,0.35,0.26,0.14,0.12,0.1,0.01,0.01,,0.005,,,,409.4,143.29,106.444,57.316,49.128,40.94,4.094,4.094,,2.047,,
c08208001.pdf,HP ZBook Power 15.6 inch G9 Mobile Workstation PC,North America,China,4,20.78,2.4,15.6,238,0.75,0.06,0.19,,0.31,0.07,0.32,0.051,0.021,,0.004,0.043,,,0.181,,178.5,55.335,12.495,57.12,9.1035,3.7485,,0.714,7.6755,,,32.3085
c07524821.pdf,HP P27h G4 27-inch Monitor,North America,China,5,47.06,5.6,27,251,0.48,0.01,0.5,0.01,0.236,0.119,,0.013,0.029,,0.019,,,,0.584,,120.48,28.43328,14.33712,,1.56624,3.49392,,2.28912,,,,70.36032
c08045561.pdf,HP Pavilion 31.5 inch All-in-One Desktop PC 32-b,North America,China,5,119.1,13.5,31.5,856,0.62,,0.37,0.01,0.251,0.093,0.417,0.025,0.02,0.006,0.009,,,,0.18,,530.72,133.21072,49.35696,221.31024,13.268,10.6144,3.18432,4.77648,,,,95.5296
c07524695.pdf,HP 288 Pro G6 Micro tower PC (ENERGY STAR),North America,China,5,139.91,6.18,,550,0.31,,0.68,0.01,0.46,0.09,0.17,0.09,0.04,0.02,0.01,,,0.12,,,170.5,78.43,15.345,28.985,15.345,6.82,3.41,1.705,,,20.46,
c08173142.pdf,HP Z1 Tower G9 Desktop PC,North America,China,5,100.82,7.4,,817,0.67,,0.33,,0.5,0.04,0.406,0.023,0.015,0.007,0.005,,,,,,547.39,273.695,21.8956,222.24034,12.58997,8.21085,3.83173,2.73695,,,,
c08616082.pdf,HP Envy x360 2-in-1 Laptop 15-fe/15t-feENERGY STAR,North America,China,4,21.87,2.3,15.6,327,0.8,0.05,0.14,0.01,0.341,0.039,0.432,0.02,0.02,,0.004,0.022,,,0.123,,261.6,89.2056,10.2024,113.0112,5.232,5.232,,1.0464,5.7552,,,32.1768
c08014488.pdf,HP E34m G4 WQHD Curved USB-C Conferencing Monitor,North America,China,5,96.65,12.18,34,491,0.45,0.01,0.53,0.01,0.22,0.188,,0.003,0.034,,0.028,,,,0.527,,220.95,48.609,41.5386,,0.66285,7.5123,,6.1866,,,,116.44065
c08295627.pdf,HP ZBook Fury 16 G9 Mobile Workstation PC,North America,China,4,32.85,3.6,16,404,0.77,0.05,0.18,,0.613,0.095,0.092,0.042,0.017,,0.002,0.032,,,0.106,,311.08,190.69204,29.5526,28.61936,13.06536,5.28836,,0.62216,9.95456,,,32.97448
c07524624.pdf,HP 295 G6 Microtower PC ENERGY STAR,North America,China,5,109.71,5.65,,490,0.39,,0.6,0.01,0.56,0.08,0.15,0.06,0.04,0.02,0.01,,0.01,0.07,,,191.1,107.016,15.288,28.665,11.466,7.644,3.822,1.911,,1.911,13.377,
c08554042.pdf,HP 245 14 inch G10 Notebook PC ENERGY STAR,North America,China,4,14.15,1.7,14,205,0.8,0.05,0.15,,0.55,0.023,0.176,0.024,0.021,,0.003,0.027,,,0.176,,164,90.2,3.772,28.864,3.936,3.444,,0.492,4.428,,,28.864
c08569434.pdf,OMEN by HP Transcend Gaming Laptop 16-u ENERGY STAR,North America,China,4,36.77,2.8,16,596,0.84,0.03,0.13,,0.414,0.028,0.452,0.006,0.016,,0.003,0.014,,,0.066,,500.64,207.26496,14.01792,226.28928,3.00384,8.01024,,1.50192,7.00896,,,33.04224
c08060136.pdf,OMEN by HP 25L Gaming Desktop PC GT14 ENERGY STAR,North America,China,5,112.47,11.9,,680,0.55,,0.44,0.01,0.235,0.08,0.593,0.042,0.028,0.01,0.011,,,,,,374,87.89,29.92,221.782,15.708,10.472,3.74,4.114,,,,
c08146376.pdf,HP Elite Mini 600 G9 Desktop PC,North America,China,5,54.03,2.4,,282,0.48,,0.52,,0.441,0.031,0.419,0.04,0.037,0.027,0.004,,,,,,135.36,59.69376,4.19616,56.71584,5.4144,5.00832,3.65472,0.54144,,,,
c07887773.pdf,HP Chromebook 11a,North America,China,4,15.08,1.3,11,174,0.76,0.06,0.17,0.01,0.265,0.046,0.43,0.024,0.03,,0.006,0.025,,,0.174,,132.24,35.0436,6.08304,56.8632,3.17376,3.9672,,0.79344,3.306,,,23.00976
c08361998.pdf,HP Chromebook 15.6 inch,North America,China,4,15.68,1.9,15.6,148,0.68,0.08,0.23,0.01,0.392,0.064,0.145,0.032,0.025,,0.006,0.019,,,0.318,,100.64,39.45088,6.44096,14.5928,3.22048,2.516,,0.60384,1.91216,,,32.00352
c08754510.pdf,HP ZHAN 14 inch G6 Notebook PC ENERGY STAR,North America,China,4,12.59,1.8,14,275,0.86,0.04,0.1,,0.53,0.04,0.24,0.03,0.02,,,0.03,,,0.12,,236.5,125.345,9.46,56.76,7.095,4.73,,,7.095,,,28.38
c08754890.pdf,HP Chromebase 21.5 inch All-in-One Desktop 22-aa ENERGY STAR,North America,China,5,48.22,7.7,21.5,400,0.54,0.13,0.32,0.01,0.35,0.18,0.13,0.02,0.03,0.01,0.01,,,,0.26,,216,75.6,38.88,28.08,4.32,6.48,2.16,2.16,,,,56.16
c08398266.pdf,HP Elite c640 G3 Chromebook,North America,China,4,20.03,1.9,14,219,0.74,0.06,0.2,,0.343,0.055,0.349,0.02,0.019,,0.003,0.034,,,0.176,,162.06,55.58658,8.9133,56.55894,3.2412,3.07914,,0.48618,5.51004,,,28.52256
c08207992.pdf,EliteBook 860 G9,North America,China,4,18.42,2.4,16,220,0.75,0.07,0.18,,0.43,0.09,0.17,0.02,0.02,,,0.05,,,0.2,,165,70.95,14.85,28.05,3.3,3.3,,,8.25,,,33
c08146378.pdf,HP Elite Tower 600 G9 Desktop PC,North America,China,5,100.82,7.5,,517,0.47,,0.52,0.01,0.551,0.09,0.234,0.065,0.034,0.015,0.011,,,,,,242.99,133.88749,21.8691,56.85966,15.79435,8.26166,3.64485,2.67289,,,,
c08398206.pdf,HP ENVY x360 15.6 Convertible PC,North America,China,4,20.34,2.1,15.6,323,0.81,0.05,0.14,,0.357,0.041,0.422,0.015,0.019,,0.004,0.019,,,0.123,,261.63,93.40191,10.72683,110.40786,3.92445,4.97097,,1.04652,4.97097,,,32.18049
c08502498.pdf,HP Chromebook x360 14ct-cd ENERGY STAR,North America,China,4,16.63,1.7,14,319,0.85,0.04,0.11,,0.613,0.027,0.209,0.012,0.011,,0.002,0.021,,,0.105,,271.15,166.21495,7.32105,56.67035,3.2538,2.98265,,0.5423,5.69415,,,28.47075
c08377685.pdf,HP Chromebook 14 inch,North America,China,4,11.85,1.7,14,142,0.74,0.08,0.18,,0.575,0.046,,0.031,0.023,,0.007,0.044,,,0.274,,105.08,60.421,4.83368,,3.25748,2.41684,,0.73556,4.62352,,,28.79192
c08252758.pdf,HP ProBook 440 G9 Notebook PC,North America,China,4,13.78,1.7,14,167,0.76,0.06,0.18,,0.39,0.06,0.228,0.031,0.024,,0.005,0.036,,,0.227,,126.92,49.4988,7.6152,28.93776,3.93452,3.04608,,0.6346,4.56912,,,28.81084
c07525144.pdf,HP Pavilion x360 15 Convertible PC,North America,China,4,19.22,1.8,15.6,214,0.75,0.06,0.19,,0.334,0.029,0.358,0.028,0.02,,0.003,0.027,,,0.202,,160.5,53.607,4.6545,57.459,4.494,3.21,,0.4815,4.3335,,,32.421
c08738080.pdf,HP t638 Thin Client,North America,China,5,25.62,2.2,,150,0.54,,0.45,0.01,0.6,0.07,0.18,0.04,0.05,0.05,0.01,,,,,,81,48.6,5.67,14.58,3.24,4.05,4.05,0.81,,,,
c07525203.pdf,HP Engage Flex Pro-C (ENERGY STAR),North America,China,5,48.92,7.9,,250,0.46,,0.53,0.01,0.55,0.21,,0.11,0.07,0.05,0.02,,,,,,115,63.25,24.15,,12.65,8.05,5.75,2.3,,,,
c08409254.pdf,HP Engage 15t XGA No Stand Monitor,North America,China,5,21.41,3.1,15,137,0.56,0.01,0.42,0.01,0.287,0.193,,0.046,0.035,,0.013,,,,0.425,,76.72,22.01864,14.80696,,3.52912,2.6852,,0.99736,,,,32.606
c07719779.pdf,HP E24mv G4 Collaboration Monitor,North America,China,5,15.9,6.5,23.8,286,0.57,0.01,0.41,0.01,0.212,0.248,,0.103,0.03,,0.02,,,,0.388,,163.02,34.56024,40.42896,,16.79106,4.8906,,3.2604,,,,63.25176
c08482346.pdf,HP 470 G9 Notebook PC,North America,China,4,29.33,2.4,17.3,267,0.7,0.06,0.24,,0.407,0.033,0.303,0.021,0.017,,0.004,0.023,,,0.193,,186.9,76.0683,6.1677,56.6307,3.9249,3.1773,,0.7476,4.2987,,,36.0717
c07524446.pdf,HP ElitePOS G1 14 inch Touch AiO Retail System 141/143/145,North America,China,5,35.89,4.6,14,281,0.65,,0.34,0.01,0.312,0.118,0.314,0.041,0.042,,0.015,,,,0.158,,182.65,56.9868,21.5527,57.3521,7.48865,7.6713,,2.73975,,,,28.8587
c08648993.pdf,HP ZBook Studio 16 G10,North America,China,4,38.48,2.38,16,540,0.82,0.03,0.15,,0.58,0.03,0.25,0.03,0.01,,0.002,0.02,,,0.08,,442.8,256.824,13.284,110.7,13.284,4.428,,0.8856,8.856,,,35.424
c08578243.pdf,HP 14 Laptop PC ENERGY STAR,North America,China,4,18.15,1.6,14,208,0.76,0.05,0.19,,0.357,0.026,0.361,0.019,0.018,0.005,0.003,0.029,,,0.182,,158.08,56.43456,4.11008,57.06688,3.00352,2.84544,0.7904,0.47424,4.58432,,,28.77056
c08335180.pdf,HP ENVY 16inch Laptop PC,North America,China,4,30.63,2.6,16,290,0.7,0.07,0.23,,0.381,0.052,0.28,0.045,0.032,,0.006,0.037,,,0.167,,203,77.343,10.556,56.84,9.135,6.496,,1.218,7.511,,,33.901
c08417688.pdf,HP Chromebook 14 G6,North America,China,4,11.85,1.7,14,112,0.67,0.1,0.22,0.01,0.354,0.064,0.055,0.043,0.032,,0.01,0.061,,,0.381,,75.04,26.56416,4.80256,4.1272,3.22672,2.40128,,0.7504,4.57744,,,28.59024
c07970860.pdf,HP Z34c G3 Curved USB-C Display,North America,China,5,91.59,11.6,34,508,0.5,0.01,0.48,0.01,0.264,0.24,,0.098,0.027,,0.015,,,,0.356,,254,67.056,60.96,,24.892,6.858,,3.81,,,,90.424
c07525055.pdf,HP 246 G8 Notebook PC ENERGY STAR,North America,China,4,14.33,1.78,14,225,0.81,0.05,0.14,,0.45,0.02,0.31,0.02,0.02,,,0.02,,,0.16,,182.25,82.0125,3.645,56.4975,3.645,3.645,,,3.645,,,29.16
c08759527.pdf,HP Chromebook x360 14a ENERGY STAR,North America,China,4,12.44,1.65,14,140,0.72,0.08,0.19,0.01,0.33,0.06,0.08,0.04,0.15,,0.01,0.05,,,0.29,,100.8,33.264,6.048,8.064,4.032,15.12,,1.008,5.04,,,29.232
c08370554.pdf,HP ENVY x360 15m Convertible PC ENERGY STAR,North America,China,4,20.19,2.3,15.6,214,0.72,0.07,0.2,0.01,0.419,0.032,0.186,0.025,0.027,,0.006,0.038,,0.059,0.208,,154.08,64.55952,4.93056,28.65888,3.852,4.16016,,0.92448,5.85504,,9.09072,32.04864
c07524698.pdf,HP 290 G4 PCI Microtower PC (ENERGY STAR),North America,China,5,139.91,6.18,,550,0.31,,0.68,0.01,0.46,0.09,0.17,0.09,0.04,0.02,0.01,,,0.12,,,170.5,78.43,15.345,28.985,15.345,6.82,3.41,1.705,,,20.46,
c08676419.pdf,HP Laptop 14-gr PC ENERGY STAR,North America,China,4,24.5,1.72,14,235,0.73,0.05,0.22,,0.56,0.03,0.17,0.02,0.02,,0.003,0.03,,,0.17,,171.55,96.068,5.1465,29.1635,3.431,3.431,,0.51465,5.1465,,,29.1635
c08554049.pdf,Victus by HP Gaming Laptop 16-r ENERGY STAR,North America,China,4,32.92,3.1,16.1,430,0.79,0.05,0.16,,0.459,0.017,0.333,0.039,0.026,,0.002,0.023,,,0.101,,339.7,155.9223,5.7749,113.1201,13.2483,8.8322,,0.6794,7.8131,,,34.3097
c07524978.pdf,"EliteBook 840, 846 G5",North America,China,4,28.82,2,14,220,0.66,0.06,0.28,,0.45,0.06,0.2,0.03,0.02,,,0.03,,,0.2,,145.2,65.34,8.712,29.04,4.356,2.904,,,4.356,,,29.04
c07809894.pdf,HP Pavilion 27 inch All-in-One Desktop PC 27-ca,North America,China,5,70.91,8.9,27,445,0.55,0.01,0.43,0.01,0.238,0.11,0.231,0.03,0.034,,0.017,,,,0.326,,244.75,58.2505,26.9225,56.53725,7.3425,8.3215,,4.16075,,,,79.7885
c08754172.pdf,HP M24fwa FHD Monitor,North America,China,5,39.7,3.06,23.8,215,0.49,0.01,0.49,0.01,0.35,0.03,,0.02,0.03,,0.02,,,,0.55,,105.35,36.8725,3.1605,,2.107,3.1605,,2.107,,,,57.9425
c08626163.pdf,HP Dragonfly Pro 2-in-1/ONE (ENERGY STAR),North America,China,4,22.58,2.04,14,597,0.89,0.03,0.08,,0.634,0.04,0.208,0.01,0.039,,0.003,0.013,,,0.054,,531.33,336.86322,21.2532,110.51664,5.3133,20.72187,,1.59399,6.90729,,,28.69182
c08417693.pdf,HP Z2 Mini G9 Workstation Desktop PC,North America,China,5,102.01,4.3,,597,0.62,,0.38,,0.264,0.063,0.601,0.036,0.02,0.012,0.004,,,,,,370.14,97.71696,23.31882,222.45414,13.32504,7.4028,4.44168,1.48056,,,,
c08504419.pdf,HP E32k G5 4K USB-C Monitor,North America,China,5,85.26,8.6,31.5,417,0.43,0.01,0.55,0.01,0.268,0.153,,0.003,0.03,,0.022,,,,0.523,,179.31,48.05508,27.43443,,0.53793,5.3793,,3.94482,,,,93.77913
c07524590.pdf,HP ProDesk 480 G7 PCI Microtower PC (ENERGY STAR),North America,China,5,64.2,6.2,,400,0.56,,0.43,0.01,0.48,0.08,0.25,0.07,0.03,0.02,0.01,,,0.06,,,224,107.52,17.92,56,15.68,6.72,4.48,2.24,,,13.44,
c08362000.pdf,HP V27c G5 FHD Curved Monitor,North America,China,5,53.11,4.9,27,253,0.42,0.01,0.56,0.01,0.059,0.061,,0.094,0.037,,0.025,,,,0.725,,106.26,6.26934,6.48186,,9.98844,3.93162,,2.6565,,,,77.0385
c08060116.pdf,"HP E230t 23"" Display",North America,China,5,57.52,5.4,23,260,0.39,0.01,0.59,0.01,,,,,,,,,,,,,101.4,,,,,,,,,,,
c08383254.pdf,HP Pavilion x360 11 Convertible PC,North America,China,4,15.05,1.4,11.6,160,0.74,0.06,0.2,,0.441,0.025,0.243,0.027,0.023,,0.003,0.034,,,0.204,,118.4,52.2144,2.96,28.7712,3.1968,2.7232,,0.3552,4.0256,,,24.1536
c08170566.pdf,HP Elite SFF 800 G9 Desktop PC,North America,China,5,97.1,6.1,,643,0.59,,0.41,,0.262,0.051,0.58,0.034,0.018,0.01,0.005,,,0.035,,,379.37,99.39494,19.34787,220.0346,12.89858,6.82866,3.7937,1.89685,,,13.27795,
c08488403.pdf,HP Laptop 15-fc ENERGY STAR /HP Laptop 15-kr ENERGY STAR,North America,China,4,16.09,1.7,15.6,202,0.77,0.06,0.17,,0.305,0.045,0.369,0.021,0.021,,0.004,0.028,,,0.208,,155.54,47.4397,6.9993,57.39426,3.26634,3.26634,,0.62216,4.35512,,,32.35232
c08390340.pdf,HP Stream 11 Laptop PC,North America,China,4,8.97,1.4,11.6,114,0.74,0.08,0.17,0.01,0.441,0.057,0.09,0.046,0.027,,0.006,0.047,,,0.285,,84.36,37.20276,4.80852,7.5924,3.88056,2.27772,,0.50616,3.96492,,,24.0426
c07786471.pdf,HP ENVY 34 inch All-in-One Desktop PC 34-c,North America,China,5,118,12.7,34,692,0.53,0.01,0.46,,0.338,0.116,0.154,0.034,0.036,0.011,0.016,,,,0.294,,366.76,123.96488,42.54416,56.48104,12.46984,13.20336,4.03436,5.86816,,,,107.82744
c08571234.pdf,OMEN 27k UHD 144Hz Gaming Monitor,North America,China,5,117.74,7.8,27,505,0.36,0.01,0.62,0.01,0.437,0.107,,0.009,0.03,,0.018,,,,0.399,,181.8,79.4466,19.4526,,1.6362,5.454,,3.2724,,,,72.5382
c08759521.pdf,HP Chromebook x360 13c ENERGY STAR,North America,China,4,14.49,1.57,13.5,185,0.77,0.06,0.17,,0.45,0.07,0.2,0.03,0.02,,,0.03,,,0.19,,142.45,64.1025,9.9715,28.49,4.2735,2.849,,,4.2735,,,27.0655
c08295120.pdf,HP M24 Webcam 23.8-inch Monitor,North America,China,5,42.69,6.5,24,251,0.52,0.01,0.46,0.01,0.182,0.153,,0.16,0.034,,0.013,,,,0.458,,130.52,23.75464,19.96956,,20.8832,4.43768,,1.69676,,,,59.77816
c08478145.pdf,HP Laptop 14-em ENERGY STAR / HP Laptop 14-hr ENERGY STAR,North America,China,4,14.15,1.6,14,241,0.83,0.04,0.13,,0.484,0.029,0.285,0.019,0.015,,0.003,0.021,,,0.144,,200.03,96.81452,5.80087,57.00855,3.80057,3.00045,,0.60009,4.20063,,,28.80432
c07524608.pdf,HP ProDesk 405 G6 Desktop Mini PC (ENERGY STAR),North America,China,5,47.07,2.3,,370,0.66,,0.34,,0.68,0.02,0.24,0.02,0.02,0.02,,,,,,,244.2,166.056,4.884,58.608,4.884,4.884,4.884,,,,,
c08295357.pdf,HP Pro Tower 480 G9 PCI Desktop PC,North America,China,5,56.87,7.02,,841,0.65,,0.34,0.01,0.356,0.036,0.402,0.023,0.016,0.007,0.005,,,0.156,,,546.65,194.6074,19.6794,219.7533,12.57295,8.7464,3.82655,2.73325,,,85.2774,
c08496369.pdf,HP E24 G5 FHD Monitor No Stand,North America,China,5,35.57,4.2,23.8,231,0.57,0.01,0.41,0.01,0.42,0.047,,0.011,0.025,,0.018,,,,0.48,,131.67,55.3014,6.18849,,1.44837,3.29175,,2.37006,,,,63.2016
c07787115.pdf,HP P24a G4,North America,China,5,43.86,5.9,23.8,228,0.46,0.01,0.51,0.02,0.117,0.139,,0.089,0.038,,0.022,,,,0.595,,104.88,12.27096,14.57832,,9.33432,3.98544,,2.30736,,,,62.4036
c08754889.pdf,OMEN 30L GT13 Desktop PC ENERGY STAR,North America,China,5,146.67,11.06,,610,0.35,,0.65,,0.37,0.19,0.27,0.09,0.04,0.02,0.01,,,,,,213.5,78.995,40.565,57.645,19.215,8.54,4.27,2.135,,,,
c08398274.pdf,HP Pro Tower 290 G9 PCI Desktop PC,North America,China,5,70.78,6.5,,410,0.53,,0.46,0.01,0.582,0.076,0.132,0.073,0.037,0.017,0.012,,,0.071,,,217.3,126.4686,16.5148,28.6836,15.8629,8.0401,3.6941,2.6076,,,15.4283,
c07524620.pdf,HP 285 G6 Microtower PC ENERGY STAR,North America,China,5,109.71,5.65,,490,0.39,,0.6,0.01,0.56,0.08,0.15,0.06,0.04,0.02,0.01,,0.01,0.07,,,191.1,107.016,15.288,28.665,11.466,7.644,3.822,1.911,,1.911,13.377,
c08710449.pdf,HP ZBook Power 15.6 inch G10 A Mobile Workstation PC ENERGY STAR,North America,China,4,34.47,2.7,15.6,270,0.67,0.06,0.27,,0.31,0.08,0.32,0.05,0.02,,,0.04,,,0.18,,180.9,56.079,14.472,57.888,9.045,3.618,,,7.236,,,32.562
c08542656.pdf,HP 27-inch All-in-One,North America,China,5,47.74,7.5,27,343,0.61,0.01,0.37,0.01,0.29,0.1,0.14,0.03,0.03,0.02,0.02,,,,0.37,,209.23,60.6767,20.923,29.2922,6.2769,6.2769,4.1846,4.1846,,,,77.4151
c08390341.pdf,HP MP9 G4 Retail System,North America,China,5,39.97,2.2,,245,0.56,,0.44,,0.437,0.028,0.415,0.028,0.035,0.031,0.003,,,0.022,,,137.2,59.9564,3.8416,56.938,3.8416,4.802,4.2532,0.4116,,,3.0184,
c08754173.pdf,HP M24fw FHD Monitor,North America,China,5,39.15,2.9,23.8,215,0.49,0.01,0.49,0.01,0.35,0.03,,0.01,0.03,,0.02,,,,0.55,,105.35,36.8725,3.1605,,1.0535,3.1605,,2.107,,,,57.9425
c08207993.pdf,HP ProOne 440 23.8 inch G9 All-in-One Desktop PC,North America,China,5,55.55,9.1,23.8,433,0.64,0.01,0.34,0.01,0.314,0.052,0.306,0.048,0.03,0.012,0.011,,,,0.227,,277.12,87.01568,14.41024,84.79872,13.30176,8.3136,3.32544,3.04832,,,,62.90624
c07525170.pdf,EliteBook 840 Aero G8,North America,China,4,20.04,1.4,14,170,0.79,0.02,0.19,,0.36,0.11,0.22,0.03,0.02,,0.01,0.04,,,0.22,,134.3,48.348,14.773,29.546,4.029,2.686,,1.343,5.372,,,29.546
c08398212.pdf,HP V24v G5,North America,China,5,37.56,3.6,23.8,189,0.45,0.01,0.53,0.01,0.062,0.045,,0.089,0.035,,0.039,,,,0.73,,85.05,5.2731,3.82725,,7.56945,2.97675,,3.31695,,,,62.0865
c07524629.pdf,HP Desktop Pro 300 G6 Microtower PC ENERGY STAR,North America,China,5,112.96,6.11,,560,0.46,,0.54,,0.54,0.06,0.22,0.04,0.03,0.01,0.01,,0.01,0.08,,,257.6,139.104,15.456,56.672,10.304,7.728,2.576,2.576,,2.576,20.608,
c08078070.pdf,HP Fortis 14” G10 Chromebook,North America,China,4,14.56,1.8,14,167,0.73,0.07,0.19,0.01,0.497,0.056,0.119,0.026,0.02,,0.004,0.043,,,0.233,,121.91,60.58927,6.82696,14.50729,3.16966,2.4382,,0.48764,5.24213,,,28.40503
c08480912.pdf,HP E27 G5 FHD Monitor,North America,China,5,48.75,7.2,27,276,0.51,0.01,0.47,0.01,0.213,0.147,,0.01,0.032,,0.022,,,,0.576,,140.76,29.98188,20.69172,,1.4076,4.50432,,3.09672,,,,81.07776
c08155358.pdf,HP Elite SFF 600 G9 Desktop PC,North America,China,5,97.1,6.1,,477,0.45,,0.54,0.01,0.527,0.09,0.266,0.06,0.03,0.017,0.009,,,,,,214.65,113.12055,19.3185,57.0969,12.879,6.4395,3.64905,1.93185,,,,