Filename,Commercial Name,Use location,Final manufacturing location,Lifetime,Use energy demand,Product weight,Screen size,PCF,Manufacturing,Distribution,Use,End of Life,Mainboard and other boards,Chassis,Solid State Drive (SSD),Power Supply Unit & External Cables,Others*,External components (Keyboard & Mouse),Packaging,Batteries,ODD,Hard Drive (HDD),Display,Unnamed: 24,Manufacturing2,Mainboard and other boards2,Chassis2,Solid State Drive (SSD)2,Power Supply Unit & External Cables2,Others*2,External components (Keyboard & Mouse)2,Packaging2,Batteries2,ODD2,Hard Drive (HDD)2,Display2,Filename_Specs,Processor Cores,Memory,SSD,SSD Brand,Power,OS,Graphics,Audio,Unnamed: 10,Unnamed: 11,Unnamed: 12,Unnamed: 13
c07525117.pdf,EliteBook 855 G7,North America,China,4,14.1,2.1,15.6,190,0.77,0.07,0.16,,0.4,0.09,0.2,0.03,0.02,,0.01,0.04,,,0.22,,146.3,58.52,13.167,29.26,4.389,2.926,,1.463,5.852,,,32.186,4AA7-7765ENUC.pdf,4.0,32.0,128.0,M.2 SATA SSD TLC,65.0,Windows 10 Pro 64,"AMD Ryzen™ 5 PRO 4650U with Radeon™ Graphics (2.1 GHz base clock, up to 4.0 GHz max boost clock, 8 MB L3 cache, 6 cores)","Audio by Bang & Olufsen, dual stereo speakers, 3 multi array microphone",,,,
c08559304.pdf,HP ProBook 440 14 inch G10 Notebook PC ENERGY STAR,North America,China,4,23.89,1.7,14.0,175,0.65,0.06,0.29,,0.32,0.061,0.254,0.034,0.031,,0.005,0.041,,,0.254,,113.75,36.4,6.93875,28.8925,3.8675,3.52625,,0.56875,4.66375,,,28.8925,c08488496.pdf,,32.0,128.0,PCIe® NVMe™ Value SSD,65.0,Windows 11 Pro,long battery life. Easily upgrade,"Dual stereo speakers, dual array microphones",,,,
c07836073.pdf,OMEN by HP 40L Gaming Desktop PC GT21,North America,China,5,131.79,14.7,,654,0.45,,0.54,0.01,0.47,0.139,0.194,0.121,0.042,,0.019,0.001,,,,,294.3,138.321,40.9077,57.0942,35.6103,12.3606,,5.5917,0.2943,,,,c08379433.pdf,12.0,16.0,512.0,WD Black PCIe® NVMe™ TLC M.2 SSD,600.0,Windows 11 Home,Integrated: Intel® UHD Graphics 770,5.1 surround sound, Omen Audio Control Support DTS:X® Ultra,,,
c08377686.pdf,HP 34 inch All-in-One Desktop PC,North America,China,5,118.38,12.8,34.0,5550,0.94,,0.06,,0.031,0.008,0.027,0.002,0.909,0.001,0.001,,,,0.021,,5217.0,161.727,41.736,140.859,10.434,4742.253,5.217,5.217,,,,109.557,c08320963.pdf,,128.0,256.0,PCIe® NVMe™ TLC M.2 SSD,330.0,,"cache, 6 P-cores, 12 threads)","& Olufsen, HP Auto Frame , and",,,,
c08398201.pdf,HP Fortis 11 inch G9 Q Chromebook,North America,China,4,9.88,1.4,11.6,138,0.77,0.07,0.15,0.01,0.632,0.036,,0.03,0.022,,0.004,0.051,,,0.226,,106.26,67.15632,3.82536,,3.1878,2.33772,,0.42504,5.41926,,,24.01476,c08829277.pdf,4.0,16.0,,,45.0,,Integrated: Intel® UHD Graphics,"Waves MaxxAudio®, dual speakers, dual array microphones",,,,
c08295274.pdf,HP Pro SFF 400 G9 Desktop PC,North America,China,5,54.28,5.4,,651,0.73,,0.27,,0.397,0.035,0.466,0.025,0.014,0.008,0.005,,,0.045,,,475.23,188.66631,16.63305,221.45718,11.88075,6.65322,3.80184,2.37615,,,21.38535,,c08015285.pdf,,128.0,256.0,TLC M.2 SSD only available with 12th gen CPUs.,260.0,Windows 11 Pro,"Intel® Celeron® G6900 with Intel® UHD Graphics (3.4 GHz P-core base frequency, 4 MB L3 cache, 2 P-cores, 2 threads)","Realtek ALC3252 codec, universal audio jack with CTIA and OMTP headset support",,,,
c07524703.pdf,HP ProDesk 400 G6 Desktop Mini PC (ENERGY STAR),North America,China,5,40.09,2.21,,220,0.5,,0.49,0.01,0.55,0.04,0.26,0.04,0.05,0.04,0.01,,,0.03,,,110.0,60.5,4.4,28.6,4.4,5.5,4.4,1.1,,,3.3,,c08384517.pdf,2.0,64.0,128.0,PCIe® NVMe™ SED Opal 2 TLC M.2 SSD,65.0,Windows 11 Pro,"Intel® Core™ i5-10600T with Intel® UHD Graphics 630 (2.4 GHz base frequency, up to 4.0 GHz with Intel® Turbo Boost Technology, 12 MB L3 cache, 6 cores)","Realtek ALC3867 codec, universal audio jack with CTIA headset support, audio line-out rear ports (3.5 mm), multi-streaming capable",,,,
c07525216.pdf,HP Z6 G4 Workstation,North America,China,5,165.28,14.8,,754,0.4,,0.59,0.01,0.355,0.23,0.187,0.154,0.052,,0.007,,,,,,301.6,107.068,69.368,56.3992,46.4464,15.6832,,2.1112,,,,,4AA7-0828ENUC.pdf,4.0,512.0,240.0,HP Z Turbo Drive Dual Pro PCIe® SSD,1000.0,Windows 10 Pro for Workstations 64 - HP recommends Windows 10 Pro,Entry 3D: NVIDIA® Quadro® P400 (2 GB GDDR5 dedicated), NVIDIA® T600 (4 GB GDDR6 dedicated), NVIDIA® T400 (2 GB GDDR6 dedicated),Integrated Realtek HD ALC221,,
c07780132.pdf,HP 27 inch All-in-One Desktop PC 27-cb,North America,China,5,70.91,7.5,27.0,420,0.53,0.01,0.45,0.01,0.21,0.054,0.256,0.018,0.036,0.015,0.019,,,0.017,0.375,,222.6,46.746,12.0204,56.9856,4.0068,8.0136,3.339,4.2294,,,3.7842,83.475,c08320963.pdf,,128.0,256.0,PCIe® NVMe™ TLC M.2 SSD,330.0,,"cache, 6 P-cores, 12 threads)","& Olufsen, HP Auto Frame , and",,,,
c07525034.pdf,HP ProBook 430 G8 Notebook PC ENERGY STAR,North America,China,4,14.48,1.5,13.3,195,0.79,0.05,0.16,,0.34,0.04,0.37,0.03,0.02,,,0.03,,,0.18,,154.05,52.377,6.162,56.9985,4.6215,3.081,,,4.6215,,,27.729,4AA7-8339ENUC.pdf,2.0,32.0,128.0,PCIe® NVMe™ Value M.2 SSD,65.0,Windows 10 Pro 64 – HP recommends Windows 10 Pro for business,"Intel® Core™ i5-1135G7 (up to 4.2 GHz with Intel® Turbo Boost Technology, 8 MB L3 cache, 4 cores)","Dual stereo speakers, dual array microphone",,,,
c08554054.pdf,HP ProBook 450 15.6 inch G10 Notebook PC ENERGY STAR,North America,China,4,16.03,1.9,15.6,168,0.72,0.07,0.2,0.01,0.302,0.086,0.239,0.032,0.03,,0.006,0.038,,,0.267,,120.96,36.52992,10.40256,28.90944,3.87072,3.6288,,0.72576,4.59648,,,32.29632,c08488524.pdf,,32.0,128.0,PCIe® NVMe™ Value SSD,65.0,Windows 11 Pro,long battery life. Easily upgrade,"Dual stereo speakers, dual array microphones",,,,
c07524588.pdf,HP ProDesk 400 G7 Microtower PC (ENERGY STAR),North America,China,5,53.98,5.89,,415,0.64,,0.35,0.01,0.57,0.07,0.21,0.04,0.02,0.01,0.01,,0.01,0.05,,,265.6,151.392,18.592,55.776,10.624,5.312,2.656,2.656,,2.656,13.28,,4AA7-9249ENUC.pdf,2.0,64.0,128.0,PCIe® NVMe™ SED Opal 2 TLC M.2 SSD,260.0,Windows 10 Pro 64 – HP recommends Windows 10 Pro for business,vPro™ Technology,"Realtek ALC3205 codec, 2 W internal speaker, universal audio jack, combo microphone/headphone jack",,,,
c08398207.pdf,HP ProOne 240 23.8 inch G9 All-in-One Desktop PC,North America,China,5,72.16,6.1,23.8,361,0.45,,0.54,0.01,0.251,0.101,0.176,0.024,0.04,0.021,0.014,,,,0.373,,162.45,40.77495,16.40745,28.5912,3.8988,6.498,3.41145,2.2743,,,,60.59385,c08086557.pdf,,64.0,256.0,PCIe® NVMe™ SED Opal 2 TLC M.2 SSD,120.0,Windows 11 Pro,Technology,"Realtek ALC3252 codec, internal speaker, combo microphone/headphone jack",,,,
c07525179.pdf,EliteBook 835 G8,North America,China,4,21.2,1.6,13.3,170,0.67,0.06,0.26,0.01,0.35,0.06,0.25,0.03,0.03,,0.01,0.04,,,0.23,,113.9,39.865,6.834,28.475,3.417,3.417,,1.139,4.556,,,26.197,4AA7-9683ENUC.pdf,4.0,64.0,128.0,M.2 SATA SSD TLC,65.0,Windows 10 Pro 64 – HP recommends Windows 10 Pro for business,"AMD Ryzen™ 5 5600U with Radeon™ Graphics (2.3 GHz base clock, up to 4.2 GHz max boost clock, 16 MB L3 cache, 6 cores)","calibrates audio to speech, music, and movies.",,,,
c08146379.pdf,HP Elite Tower 680 G9 Desktop PC,North America,China,5,100.82,7.5,,517,0.47,,0.52,0.01,0.551,0.09,0.234,0.065,0.034,0.015,0.011,,,,,,242.99,133.88749,21.8691,56.85966,15.79435,8.26166,3.64485,2.67289,,,,,c08015285.pdf,,128.0,256.0,TLC M.2 SSD only available with 12th gen CPUs.,260.0,Windows 11 Pro,"Intel® Celeron® G6900 with Intel® UHD Graphics (3.4 GHz P-core base frequency, 4 MB L3 cache, 2 P-cores, 2 threads)","Realtek ALC3252 codec, universal audio jack with CTIA and OMTP headset support",,,,
c07836074.pdf,OMEN by HP 45L Gaming Desktop PC GT22,North America,China,5,131.79,19.4,,694,0.48,,0.51,0.01,0.416,0.175,0.172,0.108,0.098,,0.02,,,,,,333.12,138.57792,58.296,57.29664,35.97696,32.64576,,6.6624,,,,,c08379433.pdf,12.0,16.0,512.0,WD Black PCIe® NVMe™ TLC M.2 SSD,600.0,Windows 11 Home,Integrated: Intel® UHD Graphics 770,5.1 surround sound, Omen Audio Control Support DTS:X® Ultra,,,
c07525065.pdf,EliteBook 830 G8,North America,China,4,24.44,1.6,13.3,190,0.67,0.05,0.27,0.01,0.41,0.06,0.22,0.03,0.02,,0.01,0.04,,,0.21,,127.3,52.193,7.638,28.006,3.819,2.546,,1.273,5.092,,,26.733,4AA7-8959ENUC.pdf,4.0,64.0,128.0,PCIe® NVMe™ Value M.2 SSD,65.0,Windows 10 Pro 64 – HP recommends Windows 10 Pro for business,Integrated: Intel® Iris® Xᵉ Graphics,"Audio by Bang & Olufsen, dual stereo speakers, 3 multi array microphone",,,,
c08520664.pdf,HP EliteBook 645 14 inch G10 Notebook PC ENERGY STAR,North America,China,4,17.02,1.8,14.0,201,0.76,0.06,0.18,,0.487,0.056,0.188,0.025,0.023,,0.004,0.03,,,0.187,,152.76,74.39412,8.55456,28.71888,3.819,3.51348,,0.61104,4.5828,,,28.56612,c08547125.pdf,4.0,64.0,256.0,PCIe® NVMe™ Value M.2 SSD,65.0,Windows 11 Pro,"AMD Ryzen™ 5 7540U with AMD Radeon™ Graphics (3.5 GHz base clock, up to 4.9 GHz max boost clock, 16 MB L3 cache, 6 cores, 12 threads)",Protected by HP Wolf,,,,
c08044153.pdf,Victus by HP 15L TG02 Gaming Desktop PC,North America,China,5,103.45,6.4,,493,0.43,,0.56,0.01,0.771,0.088,,0.075,0.037,,0.012,,,,,,211.99,163.44429,18.65512,,15.89925,7.84363,,2.54388,,,,,c08379435.pdf,12.0,16.0,512.0,PCIe® NVMe™ M.2 SSD,500.0,Windows 11 Home,Integrated: Intel® UHD Graphics 770,5.1 surround sound,,,,
c08170274.pdf,HP 256 G9 Notebook PC,North America,China,4,17.06,2.2,15.6,194,0.73,0.08,0.19,,0.339,0.048,0.204,0.044,0.037,,0.005,0.032,,0.064,0.228,,141.62,48.00918,6.79776,28.89048,6.23128,5.23994,,0.7081,4.53184,,9.06368,32.28936,4AA7-7333ENUC.pdf,2.0,16.0,128.0,M.2 SATA-3 SSD TLC,65.0,Windows 10 Home 64 – HP recommends Windows 10 Pro for business,"Technology, 8 MB cache, 4 cores)","Dual stereo speakers, dual array microphone",,,,
c08417685.pdf,HP 247 G8 Notebook PC,North America,China,4,20.3,1.8,14.0,238,0.77,0.05,0.18,,0.447,0.022,0.31,0.021,0.016,,0.002,0.025,,,0.156,,183.26,81.91722,4.03172,56.8106,3.84846,2.93216,,0.36652,4.5815,,,28.58856,4AA7-6212ENUC.pdf,2.0,16.0,128.0,M.2 SATA-3 SSD TLC,65.0,Windows 10 Pro 64,"Intel® Turbo Boost Technology, 8 MB cache, 4 cores)","Dual stereo speakers, dual array microphone",,,,
c08568444.pdf,HP EliteBook 840 14 inch G10 Notebook PC ENERGY STAR,North America,China,4,21.16,1.8,14.0,325,0.83,0.03,0.14,,0.366,0.05,0.423,0.014,0.014,,0.002,0.021,,,0.11,,269.75,98.7285,13.4875,114.10425,3.7765,3.7765,,0.5395,5.66475,,,29.6725,c08547125.pdf,4.0,64.0,256.0,PCIe® NVMe™ Value M.2 SSD,65.0,Windows 11 Pro,"AMD Ryzen™ 5 7540U with AMD Radeon™ Graphics (3.5 GHz base clock, up to 4.9 GHz max boost clock, 16 MB L3 cache, 6 cores, 12 threads)",Protected by HP Wolf,,,,
c08360693.pdf,HP Chromebook x360 12b,North America,China,4,9.46,1.5,12.0,175,0.82,0.06,0.12,,0.326,0.037,0.394,0.023,0.016,,0.004,0.028,,,0.172,,143.5,46.781,5.3095,56.539,3.3005,2.296,,0.574,4.018,,,24.682,4AA7-3997ENUC.pdf,2.0,16.0,,,45.0,Chrome OS™,"Intel® Pentium® 4415U with Intel® HD Graphics 610 (2.3 GHz, 2 MB cache, 2 cores)",HD webcam.,,,,
c07525201.pdf,HP t240 Thin Client,North America,China,5,15.1,1.1,,78,0.47,0.01,0.51,0.01,0.647,0.07,,0.059,0.099,0.113,0.011,,,,,,36.66,23.71902,2.5662,,2.16294,3.62934,4.14258,0.40326,,,,,4AA7-2899ENUC.pdf,2.0,4.0,,,45.0,Windows 10 IoT Enterprise for Thin Clients,"Intel® Celeron® N4020 with Intel® UHD Graphics 600 (1.1 GHz base frequency, up to 2.8 GHz burst frequency, 4 MB L2 cache, 2 cores)",Headphone/microphone mini-jack,,,,
c07524586.pdf,HP Chromebox G3 ENERGY STAR,North America,China,5,21.37,0.94,,130,0.56,,0.44,,0.64,0.03,0.2,0.05,0.06,,0.01,,,,,,72.8,46.592,2.184,14.56,3.64,4.368,,0.728,,,,,4AA7-8363ENUC.pdf,2.0,16.0,128.0,PCIe® NVMe™ M.2 SSD,90.0,Chrome OS™,"MB L3 cache, 2 cores)","Realtek ALC5662-CG codec, internal beeper, combo microphone/headphone jack",,,,
c07525214.pdf,HP Z6 G4 Workstation,North America,China,5,165.28,14.8,,754,0.4,,0.59,0.01,0.355,0.23,0.187,0.154,0.052,,0.007,,,,,,301.6,107.068,69.368,56.3992,46.4464,15.6832,,2.1112,,,,,4AA7-0828ENUC.pdf,4.0,512.0,240.0,HP Z Turbo Drive Dual Pro PCIe® SSD,1000.0,Windows 10 Pro for Workstations 64 - HP recommends Windows 10 Pro,Entry 3D: NVIDIA® Quadro® P400 (2 GB GDDR5 dedicated), NVIDIA® T600 (4 GB GDDR6 dedicated), NVIDIA® T400 (2 GB GDDR6 dedicated),Integrated Realtek HD ALC221,,
c08705853.pdf,HP Chromebox G4 ENERGY STAR,North America,China,5,18.91,1.0,,150,0.66,,0.34,,0.58,0.02,0.3,0.05,0.04,,0.004,,,,,,99.0,57.42,1.98,29.7,4.95,3.96,,0.396,,,,,c08651950.pdf,5.0,32.0,256.0,PCIe® NVMe™ M.2 SSD,90.0,,"Max Turbo frequency, up to 4.5 GHz P-core Max Turbo frequency, 10 MB L3 cache, 2 P-cores and 4 E-cores, 8 threads)","Realtek ALC5682I-VS codec, internal beeper, combo microphone/headphone jack",,,,
c08173120.pdf,HP 255 G9 Notebook PC,North America,China,4,18.81,2.2,15.6,230,0.75,0.07,0.18,,0.46,0.039,0.166,0.036,0.03,,0.004,0.026,,0.052,0.186,,172.5,79.35,6.7275,28.635,6.21,5.175,,0.69,4.485,,8.97,32.085,4AA7-7333ENUC.pdf,2.0,16.0,128.0,M.2 SATA-3 SSD TLC,65.0,Windows 10 Home 64 – HP recommends Windows 10 Pro for business,"Technology, 8 MB cache, 4 cores)","Dual stereo speakers, dual array microphone",,,,
c08468414.pdf,HP Spectre x360 2-in-1 Laptop 14t-ef ENERGY STAR,North America,China,4,18.39,1.6,13.5,482,0.88,0.04,0.08,,0.356,0.019,0.521,0.009,0.007,,0.005,0.016,,,0.065,,424.16,151.00096,8.05904,220.98736,3.81744,2.96912,,2.1208,6.78656,,,27.5704,c08858059.pdf,16.0,16.0,1000.0,PCIe® Gen4 NVMe™ TLC M.2 SSD,65.0,Windows 11 Home,Integrated: Intel® Arc™ Graphics,,DTS:X® Ultra, Quad speakers, HP Audio Boost, Poly Studio
c08012571.pdf,HP Fortis x360 11 inch G4 Chromebook,North America,China,4,12.3,1.7,11.0,182,0.8,0.06,0.14,,0.335,0.031,0.392,0.027,0.016,,0.003,0.037,,,0.159,,145.6,48.776,4.5136,57.0752,3.9312,2.3296,,0.4368,5.3872,,,23.1504,c08829277.pdf,4.0,16.0,,,45.0,,Integrated: Intel® UHD Graphics,"Waves MaxxAudio®, dual speakers, dual array microphones",,,,
c07525061.pdf,HP EliteBook 840 G8 Notebook PC ENERGY STAR,North America,China,4,20.04,1.7,14.0,210,0.74,0.05,0.21,,0.31,0.05,0.37,0.03,0.02,,0.004,0.03,,,0.19,,155.4,48.174,7.77,57.498,4.662,3.108,,0.6216,4.662,,,29.526,4AA7-8959ENUC.pdf,4.0,64.0,128.0,PCIe® NVMe™ Value M.2 SSD,65.0,Windows 10 Pro 64 – HP recommends Windows 10 Pro for business,Integrated: Intel® Iris® Xᵉ Graphics,"Audio by Bang & Olufsen, dual stereo speakers, 3 multi array microphone",,,,
c08569174.pdf,HP Elite x360 1040 14 inch G10 2-in-1 Notebook PC ENERGY STAR,North America,China,4,16.38,1.6,14.0,217,0.79,0.05,0.16,,0.377,0.045,0.331,0.024,0.017,,0.003,0.032,,,0.171,,171.43,64.62911,7.71435,56.74333,4.11432,2.91431,,0.51429,5.48576,,,29.31453,c08114571.pdf,10.0,16.0,256.0,PCIe® NVMe™ Value M.2 SSD,65.0,Windows 11 Pro,Integrated: Intel® Iris® Xᶱ Graphics,"Audio by Bang & Olufsen, dual stereo speakers, dual array world-facing microphones",,,,
c07525199.pdf,HP t430 Thin Client,North America,China,5,13.62,1.4,,84,0.55,0.01,0.43,0.01,0.546,0.029,0.165,0.07,0.08,0.098,0.012,,,,,,46.2,25.2252,1.3398,7.623,3.234,3.696,4.5276,0.5544,,,,,4AA7-0433ENUC.pdf,,16.0,,,45.0,Windows 10 IoT Enterprise for Thin Clients 1,Storage,Internal amplified speaker system for basic audio playback,,,,
c08173101.pdf,HP 250 G9 Notebook PC,North America,China,4,17.06,2.2,15.6,194,0.73,0.08,0.19,,0.339,0.048,0.204,0.044,0.037,,0.005,0.032,,0.064,0.228,,141.62,48.00918,6.79776,28.89048,6.23128,5.23994,,0.7081,4.53184,,9.06368,32.28936,4AA7-6212ENUC.pdf,2.0,16.0,128.0,M.2 SATA-3 SSD TLC,65.0,Windows 10 Pro 64,"Intel® Turbo Boost Technology, 8 MB cache, 4 cores)","Dual stereo speakers, dual array microphone",,,,
c08667152.pdf,HP EliteBook 835 13 inch G10 Notebook PC ENERGY STAR,North America,China,4,17.98,1.72,13.3,235,0.79,0.05,0.16,,0.41,0.06,0.31,0.02,0.02,,0.003,0.03,,,0.15,,185.65,76.1165,11.139,57.5515,3.713,3.713,,0.55695,5.5695,,,27.8475,c08547123.pdf,4.0,32.0,256.0,PCIe® NVMe™ Value M.2 SSD,65.0,Windows 11 Pro,"AMD Ryzen™ 5 7540U with AMD Radeon™ Graphics (3.5 GHz base clock, up to 4.9 GHz max boost clock, 16 MB L3 cache, 6 cores, 12 threads)",Protected by HP Wolf,,,,
c08705852.pdf,HP Chromebox Enterprise G4 ENERGY STAR,North America,China,5,18.91,1.0,,150,0.66,,0.34,,0.58,0.02,0.3,0.05,0.04,,0.004,,,,,,99.0,57.42,1.98,29.7,4.95,3.96,,0.396,,,,,c08651984.pdf,5.0,32.0,256.0,PCIe® NVMe™ M.2 SSD,90.0,,Form factor,"Realtek ALC5682I-VS codec, internal beeper, combo microphone/headphone jack",,,,
c08278487.pdf,HP Elite c645 14 inch G2 Chromebook,North America,China,4,16.49,1.9,14.0,212,0.77,0.06,0.17,,0.343,0.055,0.349,0.02,0.019,,0.003,0.034,,,0.176,,163.24,55.99132,8.9782,56.97076,3.2648,3.10156,,0.48972,5.55016,,,28.73024,c08180802.pdf,4.0,16.0,128.0,PCIe® NVMe™ M.2 SSD,65.0,,threads),Olufsen. The included Chrome Enterprise Upgrade  provides simple management and,,,,
c08170567.pdf,HP Elite Tower 880 G9 Desktop PC,North America,China,5,100.82,7.5,,894,0.7,,0.3,,0.531,0.035,0.356,0.026,0.014,0.006,0.004,,,0.025,,,625.8,332.2998,21.903,222.7848,16.2708,8.7612,3.7548,2.5032,,,15.645,,c08015285.pdf,,128.0,256.0,TLC M.2 SSD only available with 12th gen CPUs.,260.0,Windows 11 Pro,"Intel® Celeron® G6900 with Intel® UHD Graphics (3.4 GHz P-core base frequency, 4 MB L3 cache, 2 P-cores, 2 threads)","Realtek ALC3252 codec, universal audio jack with CTIA and OMTP headset support",,,,
c08579847.pdf,HP EliteBook 860 16 inch G10 Notebook PC ENERGY STAR,North America,China,4,18.42,2.4,16.0,391,0.86,0.04,0.1,,0.451,0.047,0.338,0.022,0.012,,0.002,0.026,,,0.101,,336.26,151.65326,15.80422,113.65588,7.39772,4.03512,,0.67252,8.74276,,,33.96226,c08547128.pdf,4.0,64.0,256.0,PCIe® NVMe™ Value M.2 SSD,65.0,Windows 11 Pro,"AMD Ryzen™ 5 7540U with AMD Radeon™ Graphics (3.5 GHz base clock, up to 4.9 GHz max boost clock, 16 MB L3 cache, 6 cores, 12 threads)",Protected by HP Wolf,,,,
c08060113.pdf,HP 23.8 inch All-in-One Desktop PC 24-ck,North America,China,5,56.25,7.1,23.8,506,0.69,,0.3,0.01,0.133,0.111,0.53,0.011,0.024,0.009,0.006,,,,0.175,,349.14,46.43562,38.75454,185.0442,3.84054,8.37936,3.14226,2.09484,,,,61.0995,c08320963.pdf,,128.0,256.0,PCIe® NVMe™ TLC M.2 SSD,330.0,,"cache, 6 P-cores, 12 threads)","& Olufsen, HP Auto Frame , and",,,,
c07525202.pdf,HP t740 Thin Client,North America,China,5,57.35,2.3,,274,0.44,,0.56,,0.776,0.039,0.064,0.044,0.034,0.037,0.005,,,,,,120.56,93.55456,4.70184,7.71584,5.30464,4.09904,4.46072,0.6028,,,,,4AA7-2899ENUC.pdf,2.0,4.0,,,45.0,Windows 10 IoT Enterprise for Thin Clients,"Intel® Celeron® N4020 with Intel® UHD Graphics 600 (1.1 GHz base frequency, up to 2.8 GHz burst frequency, 4 MB L2 cache, 2 cores)",Headphone/microphone mini-jack,,,,
c08207985.pdf,HP Elite x360 1040 14 inch G9 2-in-1Notebook PC,North America,China,4,16.38,1.6,14.0,196,0.77,0.05,0.18,,0.431,0.108,0.191,0.026,0.02,,0.004,0.031,,,0.191,,150.92,65.04652,16.29936,28.82572,3.92392,3.0184,,0.60368,4.67852,,,28.82572,c08114571.pdf,10.0,16.0,256.0,PCIe® NVMe™ Value M.2 SSD,65.0,Windows 11 Pro,Integrated: Intel® Iris® Xᶱ Graphics,"Audio by Bang & Olufsen, dual stereo speakers, dual array world-facing microphones",,,,
c08259067.pdf,HP Pro mt440 G3 Mobile Thin Client,North America,China,4,13.78,1.7,14.0,167,0.76,0.06,0.18,,0.39,0.06,0.228,0.031,0.024,,0.005,0.036,,,0.227,,126.92,49.4988,7.6152,28.93776,3.93452,3.04608,,0.6346,4.56912,,,28.81084,4AA7-8890ENUC.pdf,4.0,8.0,,,45.0,Windows 10 IoT Enterprise for Thin Clients 64,Log onto your device and web sites with your fingerprint.,"Audio by Bang & Olufsen, 2 Integrated Stereo Speakers, integrated dual array microphone",,,,
c07524581.pdf,HP EliteDesk 805 G6 Desktop Mini PC ENERGY STAR,North America,China,5,43.86,2.39,,230,0.49,,0.51,,0.54,0.04,0.26,0.05,0.04,0.04,0.01,,,0.03,,,112.7,60.858,4.508,29.302,5.635,4.508,4.508,1.127,,,3.381,,4AA7-7742ENUC.pdf,2.0,64.0,128.0,PCIe® NVMe™ SED Opal 2 TLC M.2 SSD,65.0,Windows 10 Pro 64 – HP recommends Windows 10 Pro for business,"Intel® Core™ i3-10100 with Intel® UHD Graphics 630 (3.6 GHz base frequency, up to 4.3 GHz with Intel® Turbo Boost Technology, 6 MB L3 cache, 4 cores)",,,,,
c08442755.pdf,HP Pro t550 Thin Client,North America,China,5,26.61,1.9,,166,0.56,,0.43,0.01,0.493,0.074,0.307,0.037,0.042,0.038,0.008,,,,,,92.96,45.82928,6.87904,28.53872,3.43952,3.90432,3.53248,0.74368,,,,,4AA7-2899ENUC.pdf,2.0,4.0,,,45.0,Windows 10 IoT Enterprise for Thin Clients,"Intel® Celeron® N4020 with Intel® UHD Graphics 600 (1.1 GHz base frequency, up to 2.8 GHz burst frequency, 4 MB L2 cache, 2 cores)",Headphone/microphone mini-jack,,,,
c08559371.pdf,HP EliteBook 650 15.6 inch G10 Notebook PC ENERGY STAR,North America,China,4,19.24,2.0,15.6,176,0.69,0.07,0.23,0.01,0.298,0.094,0.237,0.032,0.03,,0.006,0.038,,,0.265,,121.44,36.18912,11.41536,28.78128,3.88608,3.6432,,0.72864,4.61472,,,32.1816,c08114569.pdf,10.0,64.0,128.0,"PCIe® Gen4x4 NVMe™ M.2 SSD TLC is only available for Hong Kong, Taiwan and China.",65.0,Windows 11 Pro,"cores, 8 threads)",Noise Reduction.,,,,
c07524713.pdf,HP EliteDesk 800 G6 Desktop Mini PC(ENERGY STAR),North America,China,5,40.09,2.3,,250,0.56,,0.43,0.01,0.63,0.03,0.21,0.04,0.04,0.03,,,,0.02,,,140.0,88.2,4.2,29.4,5.6,5.6,4.2,,,,2.8,,4AA7-7742ENUC.pdf,2.0,64.0,128.0,PCIe® NVMe™ SED Opal 2 TLC M.2 SSD,65.0,Windows 10 Pro 64 – HP recommends Windows 10 Pro for business,"Intel® Core™ i3-10100 with Intel® UHD Graphics 630 (3.6 GHz base frequency, up to 4.3 GHz with Intel® Turbo Boost Technology, 6 MB L3 cache, 4 cores)",,,,,
c07524626.pdf,HP Desktop Pro G6 Microtower PC ENERGY STAR,North America,China,5,112.96,6.11,,560,0.46,,0.54,,0.54,0.06,0.22,0.04,0.03,0.01,0.01,,0.01,0.08,,,257.6,139.104,15.456,56.672,10.304,7.728,2.576,2.576,,2.576,20.608,,4AA7-9174ENUC.pdf,2.0,64.0,128.0,M.2 PCIe® NVMe™ SSD,180.0,Windows 10 Pro 64 – HP recommends Windows 10 Pro for business,"cache, 4 cores)","Realtek ALC3601 codec, optional internal speaker, combo microphone/headphone jack",,,,
c07525181.pdf,EliteBook 855 G8,North America,China,4,21.55,2.0,15.6,200,0.7,0.06,0.23,0.01,0.39,0.08,0.2,0.03,0.02,,0.01,0.04,,,0.23,,140.0,54.6,11.2,28.0,4.2,2.8,,1.4,5.6,,,32.2,4AA7-9686ENUC.pdf,4.0,64.0,128.0,M.2 SATA SSD TLC,65.0,Windows 10 Pro 64 – HP recommends Windows 10 Pro for business,"AMD Ryzen™ 5 5600U with Radeon™ Graphics (2.3 GHz base clock, up to 4.2 GHz max boost clock, 16 MB L3 cache, 6 cores)","calibrates audio to speech, music, and movies.",,,,
c08417690.pdf,HP Elite mt645 G7 Mobile Thin Client,North America,China,4,17.02,1.7,14.0,161,0.7,0.07,0.23,,0.319,0.067,0.254,0.034,0.026,,0.005,0.041,,,0.253,,112.7,35.9513,7.5509,28.6258,3.8318,2.9302,,0.5635,4.6207,,,28.5131,c08286377.pdf,4.0,16.0,128.0,PCIe® NVMe™ Value M.2 SSD,65.0,,threads),"Dual stereo speakers, dual array microphones",,,,
c07888371.pdf,HP Spectre x360 16 inch 2-in-1 Laptop PC,North America,China,4,26.41,2.8,16.0,264,0.69,0.09,0.21,0.01,0.271,0.108,0.313,0.05,0.024,,0.01,0.041,,,0.182,,182.16,49.36536,19.67328,57.01608,9.108,4.37184,,1.8216,7.46856,,,33.15312,c08858059.pdf,16.0,16.0,1000.0,PCIe® Gen4 NVMe™ TLC M.2 SSD,65.0,Windows 11 Home,Integrated: Intel® Arc™ Graphics,,DTS:X® Ultra, Quad speakers, HP Audio Boost, Poly Studio
c08170791.pdf,HP Z2 Tower G9 Workstation Desktop PC,North America,China,5,170.26,7.6,,680,0.32,,0.67,0.01,0.454,0.116,0.258,0.09,0.041,0.016,0.015,,0.009,,,,217.6,98.7904,25.2416,56.1408,19.584,8.9216,3.4816,3.264,,1.9584,,,4AA7-9823ENUC.pdf,6.0,128.0,256.0,HP Z Turbo Drive PCIe® NVMe™ SED Opal 2 TLC M.2 SSD,350.0,Windows 10 Pro 64 – HP recommends Windows 10 Pro for business,"Intel® Core™ i9-11900F (2.5 GHz base frequency, up to 5.2 GHz with Intel® Turbo Boost Technology, 16 MB L3 cache, 8 cores)","Realtek ALC3205-VA2-CG, 2.0W internal mono speaker",,,,
c08546038.pdf,HP Fortis x360 11 inch G3 J Chromebook ENERGY STAR,North America,China,4,16.41,1.6,11.6,134,0.65,0.08,0.26,0.01,0.469,0.045,0.087,0.039,0.027,,0.004,0.053,,,0.275,,87.1,40.8499,3.9195,7.5777,3.3969,2.3517,,0.3484,4.6163,,,23.9525,c08829280.pdf,4.0,16.0,,,45.0,,Integrated: Intel® UHD Graphics,"Waves MaxxAudio®, dual speakers, dual array microphones",,,,
c08295355.pdf,HP Pro Tower 400 G9 PCI Desktop PC,North America,China,5,56.87,7.02,,841,0.65,,0.34,0.01,0.356,0.036,0.402,0.023,0.016,0.007,0.005,,,0.156,,,546.65,194.6074,19.6794,219.7533,12.57295,8.7464,3.82655,2.73325,,,85.2774,,c08015289.pdf,,64.0,256.0,TLC M.2 SSD only available with 12th gen CPUs.,180.0,Windows 11 Pro,"Intel® Celeron® G6900 with Intel® UHD Graphics (3.4 GHz P-core base frequency, 4 MB L3 cache, 2 P-cores, 2 threads)","Realtek ALC3252 codec, universal audio jack with CTIA and OMTP headset support",,,,
c08739581.pdf,HP ProDesk 600 G6 PCI Microtower PC (ENERGY STAR ),North America,China,5,110.91,6.46,,495,0.39,,0.6,0.01,0.44,0.1,0.29,0.08,0.03,0.02,0.01,,0.01,,,,193.05,84.942,19.305,55.9845,15.444,5.7915,3.861,1.9305,,1.9305,,,4AA7-9248ENUC.pdf,2.0,128.0,128.0,PCIe® NVMe™ SED Opal 2 TLC M.2 SSD,260.0,Windows 10 Pro 64 – HP recommends Windows 10 Pro for business,vPro™ Technology,"Realtek ALC3205 codec, 2 W internal speaker, universal audio jack, combo microphone/headphone jack",,,,
c08680533.pdf,HP EliteBook 845 14 inch G10 Notebook PC ENERGY STAR,North America,China,4,18.66,1.7,14.0,260,0.8,0.04,0.16,,0.47,0.05,0.28,0.02,0.02,,0.003,0.02,,,0.14,,208.0,97.76,10.4,58.24,4.16,4.16,,0.624,4.16,,,29.12,c08547125.pdf,4.0,64.0,256.0,PCIe® NVMe™ Value M.2 SSD,65.0,Windows 11 Pro,"AMD Ryzen™ 5 7540U with AMD Radeon™ Graphics (3.5 GHz base clock, up to 4.9 GHz max boost clock, 16 MB L3 cache, 6 cores, 12 threads)",Protected by HP Wolf,,,,
c07856928.pdf,HP Chromebook x2 11,North America,China,4,14.08,1.2,11.0,174,0.76,0.06,0.17,0.01,0.265,0.046,0.43,0.024,0.03,,0.006,0.025,,,0.174,,132.24,35.0436,6.08304,56.8632,3.17376,3.9672,,0.79344,3.306,,,23.00976,4AA7-3997ENUC.pdf,2.0,16.0,,,45.0,Chrome OS™,"Intel® Pentium® 4415U with Intel® HD Graphics 610 (2.3 GHz, 2 MB cache, 2 cores)",HD webcam.,,,,
c07802768.pdf,HP 23.8 inch All-in-One Desktop PC 24-cb,North America,China,5,72.16,5.8,23.8,819,0.72,0.02,0.24,0.02,0.089,0.026,0.096,0.004,0.051,,0.004,,,,0.103,,589.68,52.48152,15.33168,56.60928,2.35872,30.07368,,2.35872,,,,60.73704,c08320963.pdf,,128.0,256.0,PCIe® NVMe™ TLC M.2 SSD,330.0,,"cache, 6 P-cores, 12 threads)","& Olufsen, HP Auto Frame , and",,,,
c08012570.pdf,HP Fortis x360 11 inch G4 Chromebook Enterprise,North America,China,4,12.3,1.7,11.0,182,0.8,0.06,0.14,,0.335,0.031,0.392,0.027,0.016,,0.003,0.037,,,0.159,,145.6,48.776,4.5136,57.0752,3.9312,2.3296,,0.4368,5.3872,,,23.1504,c08829280.pdf,4.0,16.0,,,45.0,,Integrated: Intel® UHD Graphics,"Waves MaxxAudio®, dual speakers, dual array microphones",,,,
c07524701.pdf,HP ProDesk 400 G7 Small Form Factor PC (ENERGY STAR),North America,China,5,70.38,5.08,,440,0.56,,0.43,0.01,0.7,0.05,0.12,0.05,0.04,0.02,0.01,,0.01,0.01,,,246.4,172.48,12.32,29.568,12.32,9.856,4.928,2.464,,2.464,2.464,,4AA7-7740ENUC.pdf,2.0,64.0,128.0,PCIe® NVMe™ SED Opal 2 TLC M.2 SSD,180.0,Windows 10 Pro 64 – HP recommends Windows 10 Pro for business,"Intel® Core™ i5-10600 with Intel® UHD Graphics 630 (3.3 GHz base frequency, up to 4.8 GHz with Intel® Turbo Boost Technology, 12 MB L3 cache, 6 cores)","Realtek ALC3205 codec, 2 W internal speaker, universal audio jack, combo microphone/headphone jack",,,,
c08247275.pdf,HP Pro mt440 G3 Mobile Thin Client,North America,China,4,13.78,1.7,14.0,167,0.76,0.06,0.18,,0.39,0.06,0.228,0.031,0.024,,0.005,0.036,,,0.227,,126.92,49.4988,7.6152,28.93776,3.93452,3.04608,,0.6346,4.56912,,,28.81084,4AA7-8890ENUC.pdf,4.0,8.0,,,45.0,Windows 10 IoT Enterprise for Thin Clients 64,Log onto your device and web sites with your fingerprint.,"Audio by Bang & Olufsen, 2 Integrated Stereo Speakers, integrated dual array microphone",,,,
c07525222.pdf,HP ZCentral 4R Workstation ENERGY STAR,North America,China,5,266.0,9.94,,1020,0.3,,0.7,,0.55,0.14,0.19,0.04,0.02,,0.01,,,0.04,,,306.0,168.3,42.84,58.14,12.24,6.12,,3.06,,,12.24,,4AA7-8276ENUC.pdf,4.0,256.0,240.0,HP Z Turbo Drive Dual Pro PCIe® SSD,675.0,Windows 10 Pro for Workstations 64,Entry 3D: NVIDIA® Quadro® P400 (2 GB GDDR5 dedicated), NVIDIA® Quadro® P2200 (5 GB GDDR5X dedicated),Realtek HD ALC3601,,,
c07525212.pdf,HP Z4 G4 Workstation,North America,China,5,117.1,12.04,,567,0.44,,0.55,0.01,0.418,0.206,0.229,0.073,0.047,0.018,0.009,,,,,,249.48,104.28264,51.39288,57.13092,18.21204,11.72556,4.49064,2.24532,,,,,4AA7-0828ENUC.pdf,4.0,512.0,240.0,HP Z Turbo Drive Dual Pro PCIe® SSD,1000.0,Windows 10 Pro for Workstations 64 - HP recommends Windows 10 Pro,Entry 3D: NVIDIA® Quadro® P400 (2 GB GDDR5 dedicated), NVIDIA® T600 (4 GB GDDR6 dedicated), NVIDIA® T400 (2 GB GDDR6 dedicated),Integrated Realtek HD ALC221,,
c08060140.pdf,OMEN by HP 25L Gaming Desktop PC GT15 ENERGY STAR,North America,China,5,112.47,11.9,,680,0.55,,0.44,0.01,0.235,0.08,0.593,0.042,0.028,0.01,0.011,,,,,,374.0,87.89,29.92,221.782,15.708,10.472,3.74,4.114,,,,,c08379433.pdf,12.0,16.0,512.0,WD Black PCIe® NVMe™ TLC M.2 SSD,600.0,Windows 11 Home,Integrated: Intel® UHD Graphics 770,5.1 surround sound, Omen Audio Control Support DTS:X® Ultra,,,
c07989121.pdf,HP Fortis 11 inch G9 Chromebook,North America,China,4,11.6,1.52,11.0,180,0.8,0.06,0.14,,0.308,0.039,0.397,0.043,0.017,,0.003,0.032,,,0.161,,144.0,44.352,5.616,57.168,6.192,2.448,,0.432,4.608,,,23.184,c08829277.pdf,4.0,16.0,,,45.0,,Integrated: Intel® UHD Graphics,"Waves MaxxAudio®, dual speakers, dual array microphones",,,,
c08146377.pdf,HP Elite Mini 800 G9 Desktop PC,North America,China,5,54.03,2.4,,285,0.49,,0.51,,0.432,0.036,0.41,0.055,0.036,0.027,0.004,,,,,,139.65,60.3288,5.0274,57.2565,7.68075,5.0274,3.77055,0.5586,,,,,c08015285.pdf,,128.0,256.0,TLC M.2 SSD only available with 12th gen CPUs.,260.0,Windows 11 Pro,"Intel® Celeron® G6900 with Intel® UHD Graphics (3.4 GHz P-core base frequency, 4 MB L3 cache, 2 P-cores, 2 threads)","Realtek ALC3252 codec, universal audio jack with CTIA and OMTP headset support",,,,
c07525063.pdf,EliteBook 850 G8,North America,China,4,26.1,2.2,15.6,210,0.67,0.06,0.26,0.01,0.4,0.08,0.2,0.03,0.02,,0.01,0.04,,,0.22,,140.7,56.28,11.256,28.14,4.221,2.814,,1.407,5.628,,,30.954,4AA7-9114ENUC.pdf,4.0,64.0,128.0,PCIe® Gen3x2 NVMe™ M.2 SSD TLC,65.0,Windows 10 Pro 64 – HP recommends Windows 10 Pro for business,Integrated: Intel® Iris® Xᵉ Graphics,"Audio by Bang & Olufsen, dual stereo speakers, 3 multi array microphone",,,,
c07645376.pdf,HP Chromebook 14b,North America,China,4,13.19,1.7,14.0,184,0.79,0.06,0.15,,0.301,0.022,0.393,0.027,0.016,,0.004,0.039,,,0.198,,145.36,43.75336,3.19792,57.12648,3.92472,2.32576,,0.58144,5.66904,,,28.78128,4AA7-9304ENUC.pdf,2.0,8.0,,,45.0,Chrome OS™,Integrated: Intel® UHD Graphics,"HD audio, dual speakers, dual array microphones",,,,
c08488349.pdf,HP Pro x360 Fortis 11 inch G11 Notebook PC (ENERGY STAR),North America,China,4,11.59,1.7,11.6,374,0.9,0.03,0.07,,0.797,0.013,0.085,0.009,0.007,,0.001,0.016,,,0.071,,336.6,268.2702,4.3758,28.611,3.0294,2.3562,,0.3366,5.3856,,,23.8986,c08415747.pdf,4.0,16.0,256.0,PCIe® NVMe™ M.2 SSD,65.0,,Integrated: Intel® UHD Graphics,"Dual stereo speakers, dual array microphones",,,,
c08079482.pdf,HP ProBook 455 15.6 inch G9 Notebook PC,North America,China,4,13.27,1.9,15.6,161,0.73,0.08,0.18,0.01,0.255,0.123,0.244,0.033,0.027,,0.006,0.039,,,0.273,,117.53,29.97015,14.45619,28.67732,3.87849,3.17331,,0.70518,4.58367,,,32.08569,4AA7-6751ENUC.pdf,4.0,32.0,128.0,M.2 SATA SSD TLC,65.0,Windows 10 Pro 64 – HP recommends Windows 10 Pro for business,"AMD Ryzen™ 5 4500U with Radeon™ Graphics (2.3 GHz base clock, up to 4.0 GHz max boost clock, 8 MB L3 cache, 6 cores)","Stereo speakers, integrated microphone (mono or dual array)",,,,
c07524585.pdf,HP ProDesk 405 G6 Small Form Factor PC ENERGY STAR,North America,China,5,78.7,5.2,,465,0.54,,0.45,0.01,0.65,0.05,0.12,0.05,0.04,0.02,0.01,,0.01,0.06,,,251.1,163.215,12.555,30.132,12.555,10.044,5.022,2.511,,2.511,15.066,,4AA7-9247ENUC.pdf,4.0,64.0,128.0,PCIe® NVMe™ SED Opal 2 TLC M.2 SSD,180.0,Windows 10 Pro 64 – HP recommends Windows 10 Pro for business,"AMD Ryzen™ 5 PRO 3400G with Radeon™ Vega 11 Graphics (3.7 GHz base clock, up to 4.2 GHz max boost clock, 4 MB L3 cache, 4 cores)","Realtek ALC3205 codec, 2 W internal speaker, universal audio jack, combo microphone/headphone jack",,,,
c08072916.pdf,HP Fortis 14” G10 Chromebook Enterprise,North America,China,4,14.56,1.8,14.0,167,0.73,0.07,0.19,0.01,0.497,0.056,0.119,0.026,0.02,,0.004,0.043,,,0.233,,121.91,60.58927,6.82696,14.50729,3.16966,2.4382,,0.48764,5.24213,,,28.40503,4AA7-6762ENUC.pdf,2.0,16.0,,,65.0,Chrome OS™ with Chrome Enterprise Upgrade,"cache, 2 cores)","Audio by B&O, dual stereo speakers",,,,
c08356592.pdf,HP Pro c645 Chromebook,North America,China,4,22.81,1.7,14.0,206,0.71,0.05,0.24,,0.299,0.022,0.391,0.028,0.021,,0.004,0.038,,,0.197,,146.26,43.73174,3.21772,57.18766,4.09528,3.07146,,0.58504,5.55788,,,28.81322,4AA7-6761ENUC.pdf,2.0,16.0,,,65.0,Chrome OS™,"cache, 2 cores)","angle HD camera to show the whole room to remote attendees, and HDMI port to easily add a projector without",,,,
c08496371.pdf,HP Elite t655 Thin Client,North America,China,5,26.03,1.9,,269,0.7,0.02,0.26,0.02,0.26,0.018,0.151,0.023,0.052,0.492,0.004,,,,,,188.3,48.958,3.3894,28.4333,4.3309,9.7916,92.6436,0.7532,,,,,c08859462.pdf,6.0,32.0,,,90.0,,12 threads),Internal amplified speaker system for basic audio playback,,,,
c08155361.pdf,HP EliteOne 870 27 inch G9 All-in-One Desktop PC,North America,China,5,101.38,12.2,27.0,559,0.5,0.01,0.49,,0.37,0.117,0.102,0.045,0.04,0.013,0.007,,,,0.304,,279.5,103.415,32.7015,28.509,12.5775,11.18,3.6335,1.9565,,,,84.968,c08124738.pdf,,64.0,256.0,PCIe® NVMe™ M.2 SSD,240.0,Windows 11 Pro,Technology,"Audio by Bang & Olufsen, 5 W stereo speakers, headset and headphone side ports (3.5 mm), high performance integrated stereo speakers",,,,
c08079481.pdf,HP ProBook 445 14 inch G9 Notebook PC,North America,China,4,13.93,1.7,15.6,185,0.77,0.07,0.16,,0.211,0.079,0.4,0.027,0.022,,0.004,0.032,,,0.226,,142.45,30.05695,11.25355,56.98,3.84615,3.1339,,0.5698,4.5584,,,32.1937,4AA7-6752ENUC.pdf,4.0,32.0,128.0,M.2 SATA SSD TLC,65.0,Windows 10 Pro 64 – HP recommends Windows 10 Pro for business,"AMD Ryzen™ 5 4500U with Radeon™ Graphics (2.3 GHz base clock, up to 4.0 GHz max boost clock, 8 MB L3 cache, 6 cores)","Stereo speakers, integrated microphone (mono or dual array)",,,,
c07989120.pdf,HP Fortis 11 inch G9 Chromebook Enterprise,North America,China,4,11.6,1.52,11.0,180,0.8,0.06,0.14,,0.308,0.039,0.397,0.043,0.017,,0.003,0.032,,,0.161,,144.0,44.352,5.616,57.168,6.192,2.448,,0.432,4.608,,,23.184,c08829278.pdf,4.0,16.0,,,45.0,,Integrated: Intel® UHD Graphics,"Waves MaxxAudio®, dual speakers, dual array microphones",,,,
c08221678.pdf,HP Elite Dragonfly 13.5 inch G3 Notebook PC,North America,China,4,20.4,1.6,13.5,280,0.81,0.04,0.15,,0.481,0.055,0.252,0.033,0.014,,0.002,0.033,,,0.129,,226.8,109.0908,12.474,57.1536,7.4844,3.1752,,0.4536,7.4844,,,29.2572,c08198731.pdf,6.0,32.0,128.0,PCIe® NVMe™ M.2 SSD,65.0,,"cache, 6 cores, 8 threads)","an immersive experience, whether you’re on a conference call or watching a movie.",,,,
c08678333.pdf,HP EliteBook 865 16 inch G10 Notebook PC ENERGY STAR,North America,China,4,18.53,2.34,16.0,490,0.88,0.04,0.08,,0.17,0.03,0.52,0.02,0.01,,0.002,0.02,,,0.23,,431.2,73.304,12.936,224.224,8.624,4.312,,0.8624,8.624,,,99.176,c08547128.pdf,4.0,64.0,256.0,PCIe® NVMe™ Value M.2 SSD,65.0,Windows 11 Pro,"AMD Ryzen™ 5 7540U with AMD Radeon™ Graphics (3.5 GHz base clock, up to 4.9 GHz max boost clock, 16 MB L3 cache, 6 cores, 12 threads)",Protected by HP Wolf,,,,
c08155360.pdf,HP EliteOne 840 23.8 inch G9 All-in-One Desktop PC,North America,China,5,90.98,9.8,23.8,506,0.51,,0.48,0.01,0.407,0.112,0.112,0.05,0.039,0.015,0.017,,,,0.248,,258.06,105.03042,28.90272,28.90272,12.903,10.06434,3.8709,4.38702,,,,63.99888,c08124739.pdf,,64.0,256.0,PCIe® NVMe™ M.2 SSD,240.0,Windows 11 Pro,Technology,"Audio by Bang & Olufsen, 5 W stereo speakers, headset and headphone side ports (3.5 mm), high performance integrated stereo speakers",,,,
c07525029.pdf,HP Elite x2 G4,North America,China,4,21.04,1.1,13.0,199,0.72,0.05,0.23,,0.299,0.03,0.394,0.027,0.017,,0.005,0.032,,,0.195,,143.28,42.84072,4.2984,56.45232,3.86856,2.43576,,0.7164,4.58496,,,27.9396,4AA7-5137ENUC.pdf,4.0,16.0,128.0,M.2 SATA-3 SSD TLC,65.0,Windows 10 Pro 64 – HP recommends Windows 10 Pro for business,"Intel® Core™ i7 8665U vPro™ processor with Intel® UHD Graphics 620 (1.8 GHz base frequency, up to 4.8 GHz with Intel® Turbo Boost Technology, 8 MB L3 cache, 4 cores)","Bang & Olufsen, dual stereo speakers, 3 multi array microphone",,,,
c08424454.pdf,HP t640 Thin Client,North America,China,5,37.85,2.0,,192,0.46,,0.53,0.01,0.651,0.045,0.165,0.036,0.044,0.049,0.009,,,,,,88.32,57.49632,3.9744,14.5728,3.17952,3.88608,4.32768,0.79488,,,,,4AA7-2899ENUC.pdf,2.0,4.0,,,45.0,Windows 10 IoT Enterprise for Thin Clients,"Intel® Celeron® N4020 with Intel® UHD Graphics 600 (1.1 GHz base frequency, up to 2.8 GHz burst frequency, 4 MB L2 cache, 2 cores)",Headphone/microphone mini-jack,,,,
c08479234.pdf,HP 245 G9 Notebook PC,North America,China,4,16.33,1.7,14.0,196,0.75,0.07,0.18,,0.483,0.027,0.196,0.043,0.021,,0.005,0.03,,,0.195,,147.0,71.001,3.969,28.812,6.321,3.087,,0.735,4.41,,,28.665,4AA7-6212ENUC.pdf,2.0,16.0,128.0,M.2 SATA-3 SSD TLC,65.0,Windows 10 Pro 64,"Intel® Turbo Boost Technology, 8 MB cache, 4 cores)","Dual stereo speakers, dual array microphone",,,,
c08218907.pdf,HP EliteBook 830 G9 Notebook PC,North America,China,4,16.45,1.6,13.3,282,0.84,0.04,0.12,,0.319,0.046,0.468,0.014,0.013,,0.002,0.023,,,0.115,,236.88,75.56472,10.89648,110.85984,3.31632,3.07944,,0.47376,5.44824,,,27.2412,4AA7-9116ENUC.pdf,4.0,32.0,128.0,M.2 SATA SSD TLC,65.0,Windows 10 Pro 64 – HP recommends Windows 10 Pro for business,Integrated: Intel® Iris® Xᵉ Graphics,"Audio by Bang & Olufsen, dual stereo speakers, 3 multi array microphone",,,,
c07525116.pdf,EliteBook 845 G7,North America,China,4,19.79,1.8,14.0,180,0.7,0.06,0.24,,0.37,0.08,0.23,0.03,0.02,,0.01,0.04,,,0.23,,126.0,46.62,10.08,28.98,3.78,2.52,,1.26,5.04,,,28.98,4AA7-7764ENUC.pdf,4.0,32.0,128.0,M.2 SATA SSD TLC,65.0,Windows 10 Pro 64,"AMD Ryzen™ 5 PRO 4650U with Radeon™ Graphics (2.1 GHz base clock, up to 4.0 GHz max boost clock, 8 MB L3 cache, 6 cores)","Audio by Bang & Olufsen, dual stereo speakers, 3 multi array microphone",,,,
c07525040.pdf,HP mt32 Mobile Thin Client ENERGY STAR,North America,China,5,20.09,1.5,,200,0.74,0.05,0.21,,0.47,0.07,0.19,0.03,0.02,,,0.03,,,0.18,,148.0,69.56,10.36,28.12,4.44,2.96,,,4.44,,,26.64,4AA7-8890ENUC.pdf,4.0,8.0,,,45.0,Windows 10 IoT Enterprise for Thin Clients 64,Log onto your device and web sites with your fingerprint.,"Audio by Bang & Olufsen, 2 Integrated Stereo Speakers, integrated dual array microphone",,,,
c08482389.pdf,HP EliteBook 1040 14  inch G9 Notebook PC,North America,China,4,21.16,1.5,14.0,234,0.77,0.04,0.19,,0.373,0.085,0.318,0.018,0.017,,0.003,0.025,,,0.16,,180.18,67.20714,15.3153,57.29724,3.24324,3.06306,,0.54054,4.5045,,,28.8288,4AA7-9109ENUC.pdf,4.0,64.0,128.0,PCIe® Gen3x2 NVMe™ M.2 SSD TLC,65.0,Windows 10 Pro 64 – HP recommends Windows 10 Pro for business,Integrated: Intel® Iris® Xᵉ Graphics,"Audio by Bang & Olufsen, dual stereo speakers, 3 multi array microphone",,,,
c08247379.pdf,HP ProBook 450 G9 Notebook PC,North America,China,4,16.03,1.9,15.6,180,0.74,0.07,0.19,,0.37,0.078,0.217,0.029,0.023,,0.006,0.035,,,0.242,,133.2,49.284,10.3896,28.9044,3.8628,3.0636,,0.7992,4.662,,,32.2344,4AA7-9109ENUC.pdf,4.0,64.0,128.0,PCIe® Gen3x2 NVMe™ M.2 SSD TLC,65.0,Windows 10 Pro 64 – HP recommends Windows 10 Pro for business,Integrated: Intel® Iris® Xᵉ Graphics,"Audio by Bang & Olufsen, dual stereo speakers, 3 multi array microphone",,,,
c07525091.pdf,EliteBook 850 G7,North America,China,4,19.96,2.1,15.6,200,0.72,0.06,0.21,0.01,0.4,0.09,0.2,0.03,0.02,,0.01,0.04,,,0.22,,144.0,57.6,12.96,28.8,4.32,2.88,,1.44,5.76,,,31.68,4AA7-6812ENUC.pdf,4.0,64.0,128.0,M.2 SATA-3 SSD TLC,65.0,Windows 10 Pro 64 – HP recommends Windows 10 Pro for business,"With up to gigabit class 4G LTE powered with 4x4 antennas, your “office” can be","Bang & Olufsen, dual stereo speakers, 3 multi array microphone",,,,
c08559367.pdf,HP Z8 G5 Workstation,North America,China,5,942.91,25.54,,3886,0.35,,0.65,,0.17,0.06,0.65,0.03,0.02,0.002,0.002,,0.002,,,,1360.1,231.217,81.606,884.065,40.803,27.202,2.7202,2.7202,,2.7202,,,4AA7-0828ENUC.pdf,4.0,512.0,240.0,HP Z Turbo Drive Dual Pro PCIe® SSD,1000.0,Windows 10 Pro for Workstations 64 - HP recommends Windows 10 Pro,Entry 3D: NVIDIA® Quadro® P400 (2 GB GDDR5 dedicated), NVIDIA® T600 (4 GB GDDR6 dedicated), NVIDIA® T400 (2 GB GDDR6 dedicated),Integrated Realtek HD ALC221,,
c07525115.pdf,EliteBook 835 G7,North America,China,4,19.74,1.7,13.3,170,0.69,0.06,0.25,,0.45,0.07,0.25,0.03,0.03,,0.01,0.04,,,0.12,,117.3,52.785,8.211,29.325,3.519,3.519,,1.173,4.692,,,14.076,4AA7-7763ENUC.pdf,4.0,32.0,128.0,M.2 SATA SSD TLC,65.0,Windows 10 Pro 64,"AMD Ryzen™ 5 PRO 4650U with Radeon™ Graphics (2.1 GHz base clock, up to 4.0 GHz max boost clock, 8 MB L3 cache, 6 cores)","Audio by Bang & Olufsen, dual stereo speakers, 3 multi array microphone",,,,
c08202127.pdf,HP Elite Tower 800 G9 Desktop PC,North America,China,5,100.82,7.5,,894,0.7,,0.3,,0.531,0.035,0.356,0.026,0.014,0.006,0.004,,,0.025,,,625.8,332.2998,21.903,222.7848,16.2708,8.7612,3.7548,2.5032,,,15.645,,c08015285.pdf,,128.0,256.0,TLC M.2 SSD only available with 12th gen CPUs.,260.0,Windows 11 Pro,"Intel® Celeron® G6900 with Intel® UHD Graphics (3.4 GHz P-core base frequency, 4 MB L3 cache, 2 P-cores, 2 threads)","Realtek ALC3252 codec, universal audio jack with CTIA and OMTP headset support",,,,
c07525098.pdf,HP mt22 mobile thin client,North America,China,5,17.85,1.98,,180,0.72,0.06,0.21,0.01,0.39,0.07,0.22,0.03,0.03,,,0.03,,,0.22,,129.6,50.544,9.072,28.512,3.888,3.888,,,3.888,,,28.512,4AA7-8890ENUC.pdf,4.0,8.0,,,45.0,Windows 10 IoT Enterprise for Thin Clients 64,Log onto your device and web sites with your fingerprint.,"Audio by Bang & Olufsen, 2 Integrated Stereo Speakers, integrated dual array microphone",,,,
c07524592.pdf,HP EliteDesk 800 G6 Small Form Factor PC (ENERGY STAR),North America,China,5,87.4,5.7,,380,0.38,,0.61,0.01,0.6,0.12,,0.09,0.04,0.02,0.01,,0.02,0.1,,,144.4,86.64,17.328,,12.996,5.776,2.888,1.444,,2.888,14.44,,4AA7-7943ENUC.pdf,2.0,128.0,128.0,PCIe® NVMe™ SED Opal 2 TLC M.2 SSD,260.0,Windows 10 Pro 64 – HP recommends Windows 10 Pro for business,"Intel® Core™ i3-10300 with Intel® UHD Graphics 630 (3.7 GHz base frequency, up to 4.4 GHz with Intel® Turbo Boost Technology, 8 MB L3 cache, 4 cores)","Conexant CX20632 codec, universal audio jack with CTIA and OMTP headset support",,,,
c08481388.pdf,HP Chromebook x360 13.3 inch,North America,China,4,12.99,1.6,13.3,205,0.81,0.05,0.14,,0.746,0.025,,0.019,0.014,,0.003,0.029,,,0.164,,166.05,123.8733,4.15125,,3.15495,2.3247,,0.49815,4.81545,,,27.2322,4AA7-3997ENUC.pdf,2.0,16.0,,,45.0,Chrome OS™,"Intel® Pentium® 4415U with Intel® HD Graphics 610 (2.3 GHz, 2 MB cache, 2 cores)",HD webcam.,,,,
c07525064.pdf,HP ZBook Firefly 15 G8,North America,China,4,26.1,2.02,15.6,240,0.71,0.06,0.23,,0.33,0.07,0.33,0.02,0.022,,0.005,0.03,,,0.19,,170.4,56.232,11.928,56.232,3.408,3.7488,,0.852,5.112,,,32.376,4AA7-7613ENUC.pdf,4.0,64.0,256.0,Intel® Optane™ memory H10,65.0,Windows 10 Pro 64 – HP recommends Windows 10 Pro for business,"Intel® Core™ i5-10310U with Intel® UHD Graphics (1.7 GHz base frequency, up to 4.4 GHz with Intel® Turbo Boost Technology, 6 MB L3 cache, 4 cores), supports Intel® vPro®","Audio by Bang & Olufsen, dual stereo speakers, HP World Facing Microphone dual array digital microphone, functions keys for volume up and down, combo",,,,
c07525060.pdf,HP EliteBook x360 830 G8 Notebook PC,North America,China,4,17.65,1.64,13.3,240,0.79,0.05,0.16,,0.42,0.06,0.3,0.02,0.02,,,0.03,,,0.14,,189.6,79.632,11.376,56.88,3.792,3.792,,,5.688,,,26.544,4AA7-9116ENUC.pdf,4.0,32.0,128.0,M.2 SATA SSD TLC,65.0,Windows 10 Pro 64 – HP recommends Windows 10 Pro for business,Integrated: Intel® Iris® Xᵉ Graphics,"Audio by Bang & Olufsen, dual stereo speakers, 3 multi array microphone",,,,
c08417686.pdf,HP 470 G7 Notebook PC,North America,China,4,19.74,2.7,17.3,259,0.78,0.06,0.16,,0.409,0.035,0.284,0.019,0.016,,0.002,0.022,,,0.18,,202.02,82.62618,7.0707,57.37368,3.83838,3.23232,,0.40404,4.44444,,,36.3636,4AA7-6212ENUC.pdf,2.0,16.0,128.0,M.2 SATA-3 SSD TLC,65.0,Windows 10 Pro 64,"Intel® Turbo Boost Technology, 8 MB cache, 4 cores)","Dual stereo speakers, dual array microphone",,,,
c08295166.pdf,HP Pro Mini 400 G9 Desktop PC,North America,China,5,28.3776,2.4,,243,0.4,,0.59,0.01,0.471,0.051,0.295,0.056,0.051,0.038,0.006,0.001,,0.032,,,97.2,45.7812,4.9572,28.674,5.4432,4.9572,3.6936,0.5832,0.0972,,3.1104,,c08015293.pdf,,64.0,256.0,PCIe® NVMe™ SED Opal 2 TLC M.2 SSD,90.0,Windows 11 Pro,supports Intel® vPro® Technology,"Realtek ALC3252 codec, universal audio jack with CTIA and OMTP headset support",,,,
c08579853.pdf,HP EliteBook 830 13 inch G10 Notebook PC ENERGY STAR,North America,China,4,16.45,1.7,13.3,225,0.79,0.05,0.16,,0.423,0.029,0.317,0.022,0.019,,0.003,0.031,,,0.156,,177.75,75.18825,5.15475,56.34675,3.9105,3.37725,,0.53325,5.51025,,,27.729,c08547123.pdf,4.0,32.0,256.0,PCIe® NVMe™ Value M.2 SSD,65.0,Windows 11 Pro,"AMD Ryzen™ 5 7540U with AMD Radeon™ Graphics (3.5 GHz base clock, up to 4.9 GHz max boost clock, 16 MB L3 cache, 6 cores, 12 threads)",Protected by HP Wolf,,,,
c08417687.pdf,HP Chromebook 11 G8 Education Edition,North America,China,4,10.3,1.5,11.6,106,0.7,0.09,0.21,,0.426,0.048,0.056,0.043,0.031,,0.007,0.063,,,0.326,,74.2,31.6092,3.5616,4.1552,3.1906,2.3002,,0.5194,4.6746,,,24.1892,4AA7-9184ENUC.pdf,8.0,8.0,,,45.0,Chrome OS™,Integrated: ARM® Mali™-G72 MP3 Graphics,"HD audio, dual speakers, integrated microphone",,,,
c07525211.pdf,HP Z8 G4 Workstation,North America,China,5,511.37,24.67,,1780,0.23,,0.77,,0.35,0.26,0.14,0.12,0.1,0.01,0.01,,0.005,,,,409.4,143.29,106.444,57.316,49.128,40.94,4.094,4.094,,2.047,,,4AA7-0828ENUC.pdf,4.0,512.0,240.0,HP Z Turbo Drive Dual Pro PCIe® SSD,1000.0,Windows 10 Pro for Workstations 64 - HP recommends Windows 10 Pro,Entry 3D: NVIDIA® Quadro® P400 (2 GB GDDR5 dedicated), NVIDIA® T600 (4 GB GDDR6 dedicated), NVIDIA® T400 (2 GB GDDR6 dedicated),Integrated Realtek HD ALC221,,
c08173142.pdf,HP Z1 Tower G9 Desktop PC,North America,China,5,100.82,7.4,,817,0.67,,0.33,,0.5,0.04,0.406,0.023,0.015,0.007,0.005,,,,,,547.39,273.695,21.8956,222.24034,12.58997,8.21085,3.83173,2.73695,,,,,c08015291.pdf,,128.0,256.0,PCIe® NVMe™ TLC M.2 SSD is only available with the 12th generation processors.,400.0,Windows 11 Pro,supports Intel® vPro® Technology,"Realtek ALC3252 codec, universal audio jack with CTIA and OMTP headset support",,,,
c08146376.pdf,HP Elite Mini 600 G9 Desktop PC,North America,China,5,54.03,2.4,,282,0.48,,0.52,,0.441,0.031,0.419,0.04,0.037,0.027,0.004,,,,,,135.36,59.69376,4.19616,56.71584,5.4144,5.00832,3.65472,0.54144,,,,,c08015285.pdf,,128.0,256.0,TLC M.2 SSD only available with 12th gen CPUs.,260.0,Windows 11 Pro,"Intel® Celeron® G6900 with Intel® UHD Graphics (3.4 GHz P-core base frequency, 4 MB L3 cache, 2 P-cores, 2 threads)","Realtek ALC3252 codec, universal audio jack with CTIA and OMTP headset support",,,,
c07887773.pdf,HP Chromebook 11a,North America,China,4,15.08,1.3,11.0,174,0.76,0.06,0.17,0.01,0.265,0.046,0.43,0.024,0.03,,0.006,0.025,,,0.174,,132.24,35.0436,6.08304,56.8632,3.17376,3.9672,,0.79344,3.306,,,23.00976,c08198812.pdf,8.0,4.0,,,45.0,Chrome OS™,Integrated: MediaTek Integrated Graphics,Stereo speakers,,,,
c08398266.pdf,HP Elite c640 G3 Chromebook,North America,China,4,20.03,1.9,14.0,219,0.74,0.06,0.2,,0.343,0.055,0.349,0.02,0.019,,0.003,0.034,,,0.176,,162.06,55.58658,8.9133,56.55894,3.2412,3.07914,,0.48618,5.51004,,,28.52256,4AA7-7290ENUC.pdf,2.0,16.0,128.0,PCIe® NVMe™ Value M.2 SSD,45.0,Chrome OS™ with Chrome Enterprise Upgrade,"Technology, 8 MB L3 cache, 4 cores)","Audio by Bang & Olufsen, dual stereo speakers",,,,
c08146378.pdf,HP Elite Tower 600 G9 Desktop PC,North America,China,5,100.82,7.5,,517,0.47,,0.52,0.01,0.551,0.09,0.234,0.065,0.034,0.015,0.011,,,,,,242.99,133.88749,21.8691,56.85966,15.79435,8.26166,3.64485,2.67289,,,,,c08015285.pdf,,128.0,256.0,TLC M.2 SSD only available with 12th gen CPUs.,260.0,Windows 11 Pro,"Intel® Celeron® G6900 with Intel® UHD Graphics (3.4 GHz P-core base frequency, 4 MB L3 cache, 2 P-cores, 2 threads)","Realtek ALC3252 codec, universal audio jack with CTIA and OMTP headset support",,,,
c08377685.pdf,HP Chromebook 14 inch,North America,China,4,11.85,1.7,14.0,142,0.74,0.08,0.18,,0.575,0.046,,0.031,0.023,,0.007,0.044,,,0.274,,105.08,60.421,4.83368,,3.25748,2.41684,,0.73556,4.62352,,,28.79192,4AA7-9304ENUC.pdf,2.0,8.0,,,45.0,Chrome OS™,Integrated: Intel® UHD Graphics,"HD audio, dual speakers, dual array microphones",,,,
c08252758.pdf,HP ProBook 440 G9 Notebook PC,North America,China,4,13.78,1.7,14.0,167,0.76,0.06,0.18,,0.39,0.06,0.228,0.031,0.024,,0.005,0.036,,,0.227,,126.92,49.4988,7.6152,28.93776,3.93452,3.04608,,0.6346,4.56912,,,28.81084,4AA7-9109ENUC.pdf,4.0,64.0,128.0,PCIe® Gen3x2 NVMe™ M.2 SSD TLC,65.0,Windows 10 Pro 64 – HP recommends Windows 10 Pro for business,Integrated: Intel® Iris® Xᵉ Graphics,"Audio by Bang & Olufsen, dual stereo speakers, 3 multi array microphone",,,,
c08738080.pdf,HP t638 Thin Client,North America,China,5,25.62,2.2,,150,0.54,,0.45,0.01,0.6,0.07,0.18,0.04,0.05,0.05,0.01,,,,,,81.0,48.6,5.67,14.58,3.24,4.05,4.05,0.81,,,,,4AA7-2899ENUC.pdf,2.0,4.0,,,45.0,Windows 10 IoT Enterprise for Thin Clients,"Intel® Celeron® N4020 with Intel® UHD Graphics 600 (1.1 GHz base frequency, up to 2.8 GHz burst frequency, 4 MB L2 cache, 2 cores)",Headphone/microphone mini-jack,,,,
c08482346.pdf,HP 470 G9 Notebook PC,North America,China,4,29.33,2.4,17.3,267,0.7,0.06,0.24,,0.407,0.033,0.303,0.021,0.017,,0.004,0.023,,,0.193,,186.9,76.0683,6.1677,56.6307,3.9249,3.1773,,0.7476,4.2987,,,36.0717,4AA7-6212ENUC.pdf,2.0,16.0,128.0,M.2 SATA-3 SSD TLC,65.0,Windows 10 Pro 64,"Intel® Turbo Boost Technology, 8 MB cache, 4 cores)","Dual stereo speakers, dual array microphone",,,,
c08417688.pdf,HP Chromebook 14 G6,North America,China,4,11.85,1.7,14.0,112,0.67,0.1,0.22,0.01,0.354,0.064,0.055,0.043,0.032,,0.01,0.061,,,0.381,,75.04,26.56416,4.80256,4.1272,3.22672,2.40128,,0.7504,4.57744,,,28.59024,4AA7-6543ENUC.pdf,2.0,8.0,,,45.0,Chrome OS™,"AMD A4-9120C APU with Radeon™ R4 Graphics (1.6 GHz base clock, up to 2.4 GHz max boost clock, 1 MB cache, 2 cores)","HD audio, dual speakers, integrated microphone",,,,
c08170566.pdf,HP Elite SFF 800 G9 Desktop PC,North America,China,5,97.1,6.1,,643,0.59,,0.41,,0.262,0.051,0.58,0.034,0.018,0.01,0.005,,,0.035,,,379.37,99.39494,19.34787,220.0346,12.89858,6.82866,3.7937,1.89685,,,13.27795,,c08015285.pdf,,128.0,256.0,TLC M.2 SSD only available with 12th gen CPUs.,260.0,Windows 11 Pro,"Intel® Celeron® G6900 with Intel® UHD Graphics (3.4 GHz P-core base frequency, 4 MB L3 cache, 2 P-cores, 2 threads)","Realtek ALC3252 codec, universal audio jack with CTIA and OMTP headset support",,,,
c07786471.pdf,HP ENVY 34 inch All-in-One Desktop PC 34-c,North America,China,5,118.0,12.7,34.0,692,0.53,0.01,0.46,,0.338,0.116,0.154,0.034,0.036,0.011,0.016,,,,0.294,,366.76,123.96488,42.54416,56.48104,12.46984,13.20336,4.03436,5.86816,,,,107.82744,c08320963.pdf,,128.0,256.0,PCIe® NVMe™ TLC M.2 SSD,330.0,,"cache, 6 P-cores, 12 threads)","& Olufsen, HP Auto Frame , and",,,,
c07524608.pdf,HP ProDesk 405 G6 Desktop Mini PC (ENERGY STAR),North America,China,5,47.07,2.3,,370,0.66,,0.34,,0.68,0.02,0.24,0.02,0.02,0.02,,,,,,,244.2,166.056,4.884,58.608,4.884,4.884,4.884,,,,,,c08384517.pdf,2.0,64.0,128.0,PCIe® NVMe™ SED Opal 2 TLC M.2 SSD,65.0,Windows 11 Pro,"Intel® Core™ i5-10600T with Intel® UHD Graphics 630 (2.4 GHz base frequency, up to 4.0 GHz with Intel® Turbo Boost Technology, 12 MB L3 cache, 6 cores)","Realtek ALC3867 codec, universal audio jack with CTIA headset support, audio line-out rear ports (3.5 mm), multi-streaming capable",,,,
c07524620.pdf,HP 285 G6 Microtower PC ENERGY STAR,North America,China,5,109.71,5.65,,490,0.39,,0.6,0.01,0.56,0.08,0.15,0.06,0.04,0.02,0.01,,0.01,0.07,,,191.1,107.016,15.288,28.665,11.466,7.644,3.822,1.911,,1.911,13.377,,4AA7-9173ENUC.pdf,4.0,32.0,128.0,PCIe® NVMe™ M.2 SSD,180.0,Windows 10 Pro 64 – HP recommends Windows 10 Pro for business,"AMD Ryzen™ 5 PRO 3400G with Radeon™ Vega 11 Graphics (3.7 GHz base clock, up to 4.2 GHz max boost clock, 4 MB L3 cache, 4 cores)","Realtek ALC3601 codec, optional internal speaker, combo microphone/headphone jack",,,,
c08207993.pdf,HP ProOne 440 23.8 inch G9 All-in-One Desktop PC,North America,China,5,55.55,9.1,23.8,433,0.64,0.01,0.34,0.01,0.314,0.052,0.306,0.048,0.03,0.012,0.011,,,,0.227,,277.12,87.01568,14.41024,84.79872,13.30176,8.3136,3.32544,3.04832,,,,62.90624,c08086557.pdf,,64.0,256.0,PCIe® NVMe™ SED Opal 2 TLC M.2 SSD,120.0,Windows 11 Pro,Technology,"Realtek ALC3252 codec, internal speaker, combo microphone/headphone jack",,,,
c07525170.pdf,EliteBook 840 Aero G8,North America,China,4,20.04,1.4,14.0,170,0.79,0.02,0.19,,0.36,0.11,0.22,0.03,0.02,,0.01,0.04,,,0.22,,134.3,48.348,14.773,29.546,4.029,2.686,,1.343,5.372,,,29.546,4AA7-9809ENUC.pdf,4.0,64.0,256.0,PCIe® Gen3x4 NVMe™ M.2 SED SSD TLC,65.0,Windows 10 Pro 64 – HP recommends Windows 10 Pro for business,Integrated: Intel® Iris® Xᵉ Graphics,movies all while suppressing background noise.,,,,
c08078070.pdf,HP Fortis 14” G10 Chromebook,North America,China,4,14.56,1.8,14.0,167,0.73,0.07,0.19,0.01,0.497,0.056,0.119,0.026,0.02,,0.004,0.043,,,0.233,,121.91,60.58927,6.82696,14.50729,3.16966,2.4382,,0.48764,5.24213,,,28.40503,c08829277.pdf,4.0,16.0,,,45.0,,Integrated: Intel® UHD Graphics,"Waves MaxxAudio®, dual speakers, dual array microphones",,,,
c08155358.pdf,HP Elite SFF 600 G9 Desktop PC,North America,China,5,97.1,6.1,,477,0.45,,0.54,0.01,0.527,0.09,0.266,0.06,0.03,0.017,0.009,,,,,,214.65,113.12055,19.3185,57.0969,12.879,6.4395,3.64905,1.93185,,,,,c08015285.pdf,,128.0,256.0,TLC M.2 SSD only available with 12th gen CPUs.,260.0,Windows 11 Pro,"Intel® Celeron® G6900 with Intel® UHD Graphics (3.4 GHz P-core base frequency, 4 MB L3 cache, 2 P-cores, 2 threads)","Realtek ALC3252 codec, universal audio jack with CTIA and OMTP headset support",,,,
