Commercial Name,Mainboard,SSD,Power,Battery,Display,Chassis
EliteBook 855 G7,63.381,39.21,4.473,4.946,34.629999999999995,7.769000000000001
HP Spectre x360 2-in-1 Laptop 14t-ef ENERGY STAR,63.381,45.246,4.473,4.946,28.0675,6.074000000000001
HP ProBook 445 14 inch G9 Notebook PC,63.381,39.21,4.473,4.946,34.629999999999995,6.413
HP Elite Mini 600 G9 Desktop PC,0.0,45.246,4.663,4.946,0.0,8.786
HP Z6 G4 Workstation,63.381,57.077,4.663,4.946,0.0,50.822
HP Elite c645 14 inch G2 Chromebook,63.381,39.21,4.473,4.946,29.59,7.091
HP EliteBook 840 G8 Notebook PC ENERGY STAR,63.381,39.21,4.473,4.946,29.59,6.413
HP Elite SFF 800 G9 Desktop PC,0.0,45.246,4.663,4.946,0.0,21.328999999999997
HP EliteBook 845 14 inch G10 Notebook PC ENERGY STAR,63.381,45.246,4.473,4.946,29.59,6.413
HP Fortis 14” G10 Chromebook,63.381,0.0,3.708,4.662,29.59,6.752000000000001
HP ProOne 240 23.8 inch G9 All-in-One Desktop PC,0.0,45.246,4.663,4.946,64.47800000000001,21.328999999999997
HP ProDesk 405 G6 Small Form Factor PC ENERGY STAR,63.381,39.21,4.663,4.946,0.0,18.278
HP Fortis 11 inch G9 Chromebook Enterprise,63.381,0.0,3.708,4.662,20.83,5.8028
HP Z6 G4 Workstation,63.381,57.077,4.663,4.946,0.0,50.822
HP Pro Mini 400 G9 Desktop PC,0.0,45.246,4.663,4.946,0.0,8.786
HP EliteBook 830 G9 Notebook PC,63.381,39.21,4.473,4.946,27.465500000000002,6.074000000000001
HP Spectre x360 16 inch 2-in-1 Laptop PC,63.381,45.246,4.473,4.946,35.92999999999999,10.142
HP Chromebook x360 12b,64.543,0.0,3.708,4.662,23.65,5.735
HP t640 Thin Client,64.543,0.0,3.708,4.662,0.0,7.430000000000001
HP Elite x360 1040 14 inch G9 2-in-1Notebook PC,63.381,45.246,4.473,4.946,29.59,6.074000000000001
HP Pro x360 Fortis 11 inch G11 Notebook PC (ENERGY STAR),63.381,45.246,4.473,4.946,22.51,6.413
HP ProBook 440 14 inch G10 Notebook PC ENERGY STAR,0.0,39.21,4.473,4.946,29.59,6.413
HP Z4 G4 Workstation,63.381,57.077,4.663,4.946,0.0,41.465599999999995
HP t638 Thin Client,64.543,0.0,3.708,4.662,0.0,8.108
OMEN by HP 25L Gaming Desktop PC GT15 ENERGY STAR,63.381,45.246,4.663,4.946,0.0,40.991
HP EliteBook 1040 14  inch G9 Notebook PC,63.381,39.21,4.473,4.946,29.59,5.735
HP EliteBook 830 13 inch G10 Notebook PC ENERGY STAR,63.381,45.246,4.473,4.946,27.465500000000002,6.413
HP ProBook 445 14 inch G9 Notebook PC,63.381,39.21,4.473,4.946,34.629999999999995,6.413
OMEN by HP 40L Gaming Desktop PC GT21,63.381,45.246,4.663,4.946,0.0,50.483
HP EliteBook 830 G9 Notebook PC,63.381,39.21,4.473,4.946,27.465500000000002,6.074000000000001
