Name,CPU name,CPU cores,GPU,RAM,Storage,Motherboard Name,PSU,Fans,Heatsinks,USB/USB-C ports,HDMI ports,Ethernet ports,Display,NIC,Optical Drive,Audio port,Keyboard,Mouse,Webcam,Wifi card,Bluetooth card,BIOS/UEFI,PCF
ThinkPad C14 Gen 1 Chromebook,Core i3-1215,,Intel UHD Graphics Integrated Shared Share CPU TDP DirectX,4,,Intel SoC,45.0,,,2.0,1.0,,14,"WLAN + BluetoothÆ [1]
Intel Wi-FiÆ 6E AX211, 802.11ax 2x2 Wi-Fi",,1.0,Yes,touchpad,FHD 1080p,Wi-Fi 6E,Bluetooth 5.1,ChromeOS,210
ThinkPad E14 Gen 4 AMD,,,AMD Radeon Graphics Integrated Shared Share CPU TDP DirectX,40,,AMD SoC,,,,1.0,1.0,1.0,14,"WLAN + BluetoothÆ **[1]
Wi-FiÆ 6, 802.11ax 2x2 Wi-Fi",,1.0,Yes,touchpad,FHD 1080p,Wi-Fi 6,Bluetooth 5.1,WindowsÆ 11 DG Windows 10 Pro 64 [1],391
ThinkPad E14 Gen 4 Intel,Core i3-1215,,Intel UHD Graphics Integrated Shared Share CPU TDP DirectX,2,,Intel SoC,65.0,,,1.0,1.0,1.0,14,"WLAN + BluetoothÆ **[1]
Wi-FiÆ 6, 802.11ax 2x2 Wi-Fi",,1.0,,touchpad,FHD 1080p,Wi-Fi 6,Bluetooth 5.1,Ubuntu Linux [1],415
ThinkPad E15 Gen 4 AMD,,,AMD Radeon Graphics Integrated Shared Share CPU TDP DirectX,40,,AMD SoC,65.0,,,1.0,1.0,1.0,6,"WLAN + BluetoothÆ **[1]
Wi-FiÆ 6, 802.11ax 2x2 Wi-Fi",,1.0,Yes,touchpad,FHD 1080p,Wi-Fi 6,Bluetooth 5.1,WindowsÆ 11 DG Windows 10 Pro 64 [1],457
ThinkPad E15 Gen 4 Intel,Core i3-1215,,Intel UHD Graphics Integrated Shared Share CPU TDP DirectX,2,,Intel SoC,65.0,,,1.0,1.0,1.0,6,"WLAN + BluetoothÆ **[1]
Wi-FiÆ 6, 802.11ax 2x2 Wi-Fi",,1.0,Yes,touchpad,FHD 1080p,Wi-Fi 6,Bluetooth 5.1,Ubuntu Linux [1],457
ThinkPad L13 Gen 3 AMD,,,AMD Radeon Graphics Integrated Shared Share CPU TDP DirectX,8,,AMD SoC,45.0,,,1.0,1.0,,3,"WLAN + BluetoothÆ **[2][3]
QualcommÆ Wi-FiÆ 6E NFA725A, 802.11ax 2x2 Wi-Fi",,1.0,Yes,touchpad,FHD 1080p,Wi-Fi 6E,Bluetooth 5.1,Ubuntu Linux [1],323
ThinkPad L13 Gen 3 Intel,Core i3-1215,,Intel UHD Graphics Integrated Shared Share CPU TDP DirectX,8,,Intel SoC,,,,1.0,1.0,,3,"WLAN + BluetoothÆ **[2]
Intel Wi-FiÆ 6 AX201, 802.11ax 2x2 Wi-Fi",,1.0,Yes,touchpad,FHD 1080p,Wi-Fi 6E,Bluetooth 5.1,Ubuntu Linux [1],187
ThinkPad L13 Yoga Gen 3 AMD,,,AMD Radeon Graphics Integrated Shared Share CPU TDP DirectX,8,,AMD SoC,45.0,,,1.0,1.0,,3,"WLAN + BluetoothÆ **[2][3]
QualcommÆ Wi-FiÆ 6E NFA725A, 802.11ax 2x2 Wi-Fi",,1.0,,touchpad,FHD 1080p,Wi-Fi 6E,Bluetooth 5.1,Ubuntu Linux [1],323
ThinkPad L13 Yoga Gen 3 Intel,Core i3-1215,,Intel UHD Graphics Integrated Shared Share CPU TDP DirectX,8,,Intel SoC,45.0,,,1.0,1.0,,3,"WLAN + BluetoothÆ **[2]
Intel Wi-FiÆ 6 AX201, 802.11ax 2x2 Wi-Fi",,1.0,Yes,touchpad,FHD 1080p,Wi-Fi 6E,Bluetooth 5.1,Ubuntu Linux [1],294
ThinkPad L14 Gen 3 AMD,,,AMD Radeon Graphics Integrated Shared Share CPU TDP DirectX,64,,AMD SoC,45.0,,,1.0,1.0,1.0,14,"WLAN + BluetoothÆ **[1]
QualcommÆ Wi-FiÆ 6E QCNFA765, 802.11ax Dual Band 2x2 Wi-Fi",,1.0,Yes,touchpad,FHD 1080p,Wi-Fi 6E,Bluetooth 5.1,Linux [1],425
ThinkPad L14 Gen 3 Intel,Core i3-1215,,Intel UHD Graphics Integrated Shared Share CPU TDP DirectX,64,,Intel SoC,,,,1.0,1.0,1.0,14,"WLAN + BluetoothÆ **[1]
Intel Wi-FiÆ 6 AX201, 802.11ax 2x2 Wi-Fi",,1.0,Yes,touchpad,FHD 1080p,Wi-Fi 6E,Bluetooth 5.1,Linux [1],215
ThinkPad L15 Gen 3 AMD,,,AMD Radeon Graphics Integrated Shared Share CPU TDP DirectX,64,,AMD SoC,,,,1.0,1.0,1.0,6,"WLAN + BluetoothÆ **[1]
QualcommÆ Wi-FiÆ 6E QCNFA765, 802.11ax Dual Band 2x2 Wi-Fi",,1.0,,touchpad,FHD 1080p,Wi-Fi 6E,Bluetooth 5.1,Linux [1],236
ThinkPad L15 Gen 3 Intel,Core i3-1215,,Intel UHD Graphics Integrated Shared Share CPU TDP DirectX,64,,Intel SoC,45.0,,,1.0,1.0,1.0,6,"WLAN + BluetoothÆ **[1]
Intel Wi-FiÆ 6 AX201, 802.11ax 2x2 Wi-Fi",,1.0,Yes,touchpad,FHD 1080p,Wi-Fi 6E,Bluetooth 5.1,Linux [1],339
ThinkPad P14s Gen 3 AMD,,,AMD Radeon 660M Integrated Shared Share CPU TDP DirectX,8,,AMD SoC,45.0,,,1.0,1.0,1.0,14,"WLAN + BluetoothÆ
QualcommÆ Wi-FiÆ 6E NFA725A, 802.11ax 2x2 Wi-Fi",,1.0,Yes,touchpad,FHD 1080p,Wi-Fi 6E,Bluetooth 5.3,Fedora Linux,222
ThinkPad P14s Gen 3 Intel,Core i5-1240,,Intel Iris Xe Graphics ,4,,Intel SoC,65.0,,,2.0,1.0,1.0,14,"WLAN + BluetoothÆ **[1]
QualcommÆ Wi-FiÆ 6E NFA725A, 802.11ax 2x2 Wi-Fi",,1.0,Yes,touchpad,FHD 1080p,Wi-Fi 6E,Bluetooth 5.1,"Red Hat Enterprise Linux 8.6 (certified only, for detailed and latest information, please visit",246
ThinkPad P15v Gen 3 AMD,,,NVIDIA,4,,AMD SoC,,,,2.0,1.0,1.0,6,"WLAN + BluetoothÆ
QualcommÆ Wi-FiÆ 6E NFA725A, 802.11ax 2x2 Wi-Fi",,1.0,Yes,touchpad,HD 720p,,Bluetooth 5.1,"Red Hat Enterprise Linux 8.6 (certified only, for detailed and latest information, please visit",411
ThinkPad P15v Gen 3 Intel,,,Intel Iris Xe Graphics ,4,,Intel SoC,,,,2.0,1.0,1.0,6,"WLAN + BluetoothÆ [1]
Intel Wi-FiÆ 6E AX211, 802.11ax 2x2 Wi-Fi",,1.0,Yes,touchpad,HD 720p,,Bluetooth 5.1,,345
ThinkPad P16s Gen 1 AMD,,,AMD Radeon 660M Integrated Shared Share CPU TDP DirectX,8,,AMD SoC,65.0,,,2.0,1.0,1.0,16,"WLAN + BluetoothÆ **
QualcommÆ Wi-FiÆ 6E NFA725A, 802.11ax 2x2 Wi-Fi",,1.0,Yes,touchpad,FHD 1080p,Wi-Fi 6E,Bluetooth 5.1,,283
ThinkPad P16s Gen 1 Intel,Core i5-1240,,Intel Iris Xe Graphics ,4,,Intel SoC,65.0,,,2.0,1.0,1.0,16,"WLAN + BluetoothÆ **[1]
QualcommÆ Wi-FiÆ 6E NFA725A, 802.11ax 2x2 Wi-Fi",,1.0,Yes,touchpad,FHD 1080p,Wi-Fi 6E,Bluetooth 5.1,"Red Hat Enterprise Linux 8.6 (certified only, for detailed and latest information, please visit",258
ThinkPad P16 Gen 1,,,Intel UHD Graphics Integrated SharedShare CPU ,4,,,170.0,,,2.0,1.0,,16,"WLAN + BluetoothÆ [1]
Intel Wi-FiÆ 6E AX211, 802.11ax 2x2 Wi-Fi",,1.0,Yes,touchpad,FHD 1080p,,Bluetooth 5.1,Fedora Linux,339
ThinkPad P1 Gen 5,,,Intel Iris Xe Graphics ,8,,Intel SoC,135.0,,,2.0,1.0,,16,"WLAN + BluetoothÆ [2]
Intel Wi-FiÆ 6E AX211, 802.11ax 2x2 Wi-Fi",,1.0,Yes,touchpad,FHD 1080p,,Bluetooth 5.1,,312
ThinkPad T14s Gen 3 AMD,,,AMD Radeon 660M Integrated Shared DirectX,8,,AMD SoC,45.0,,,1.0,1.0,,14,"WLAN + BluetoothÆ **[2]
MediaTek Wi-FiÆ 6E RZ616, 802.11ax 2x2 Wi-Fi",,1.0,,touchpad,FHD 1080p,Wi-Fi 6E,Bluetooth 5.1,Linux [1],344
ThinkPad T14s Gen 3 Intel,Core i5-1235,,Intel Iris Xe Graphics Integrated Shared DirectX,8,,Intel SoC,45.0,,,1.0,1.0,,14,"WLAN + BluetoothÆ [2]
Intel Wi-FiÆ 6E AX211, 802.11ax 2x2 Wi-Fi",,1.0,Yes,touchpad,FHD 1080p,Wi-Fi 6E,Bluetooth 5.1,Linux [1],360
ThinkPad T14 Gen 3 AMD,,,AMD Radeon 660M Integrated Shared DirectX,8,,AMD SoC,45.0,,,1.0,1.0,1.0,14,"WLAN + BluetoothÆ **[1]
MediaTek Wi-FiÆ 6E RZ616, 802.11ax 2x2 Wi-Fi",,1.0,Yes,touchpad,FHD 1080p,Wi-Fi 6E,Bluetooth 5.1,Linux [1],218
ThinkPad T14 Gen 3 Intel,Core i5-1235,,Intel Iris Xe Graphics ,2,,Intel SoC,,,,1.0,1.0,1.0,14,"WLAN + BluetoothÆ **[1]
QualcommÆ Wi-FiÆ 6E NFA725A, 802.11ax 2x2 Wi-Fi",,1.0,Yes,touchpad,FHD 1080p,Wi-Fi 6E,Bluetooth 5.1,Linux [1],208
ThinkPad T15p Gen 3,Core i7-12700,,NVIDIA,4,,Intel SoC,,,,2.0,1.0,1.0,6,"WLAN + BluetoothÆ [1]
Intel Wi-FiÆ 6E AX211, 802.11ax 2x2 Wi-Fi",,1.0,Yes,touchpad,HD 720p,,Bluetooth 5.1,,272
ThinkPad T16 Gen 1 AMD,,,AMD Radeon 660M Integrated Shared DirectX,8,,AMD SoC,65.0,,,1.0,1.0,1.0,16,"WLAN + BluetoothÆ **[1]
MediaTek Wi-FiÆ 6E RZ616, 802.11ax 2x2 Wi-Fi",,1.0,,touchpad,FHD 1080p,Wi-Fi 6E,Bluetooth 5.1,Linux [1],233
ThinkPad T16 Gen 1 Intel,Core i5-1235,,Intel Iris Xe Graphics ,2,,Intel SoC,,,,1.0,1.0,1.0,16,"WLAN + BluetoothÆ **[1]
QualcommÆ Wi-FiÆ 6E NFA725A, 802.11ax 2x2 Wi-Fi",,1.0,Yes,touchpad,FHD 1080p,Wi-Fi 6E,Bluetooth 5.1,Linux [1],231
ThinkPad X13s Gen 1,,,Qualcomm Adreno 690 GPU Integrated Shared DirectX,8,,Qualcomm SoC,45.0,,,2.0,,,3,"WLAN + BluetoothÆ [2]
Qualcomm Wi-FiÆ 6E WCN6855, 802.11ax Dual Band 2x2 Wi-Fi",,1.0,Yes,touchpad,,Wi-Fi 6E,Bluetooth 5.1,WindowsÆ 11 Home (on ARM),191
ThinkPad X13 Gen 3 AMD,,,AMD Radeon 660M Integrated Shared DirectX,8,,AMD SoC,45.0,,,1.0,1.0,,3,"WLAN + BluetoothÆ **[2]
MediaTek Wi-FiÆ 6E RZ616, 802.11ax 2x2 Wi-Fi",,1.0,Yes,,FHD 1080p,Wi-Fi 6E,Bluetooth 5.1,Linux [1],197
ThinkPad X13 Gen 3 Intel,Core i3-1215,,Intel UHD Graphics Integrated Shared DirectX,8,,Intel SoC,45.0,,,1.0,1.0,,3,"WLAN + BluetoothÆ [2]
Intel Wi-FiÆ 6E AX211, 802.11ax 2x2 Wi-Fi",,1.0,Yes,touchpad,FHD 1080p,Wi-Fi 6E,Bluetooth 5.1,Linux [1],210
ThinkPad X13 Yoga Gen 3,Core i5-1235,,Intel Iris Xe Graphics Integrated Shared DirectX,8,,Intel SoC,45.0,,,1.0,1.0,,3,"WLAN + BluetoothÆ [2]
Intel Wi-FiÆ 6E AX211, 802.11ax 2x2 Wi-Fi",,1.0,Yes,touchpad,FHD 1080p,Wi-Fi 6E,Bluetooth 5.1,Linux [1],193
ThinkPad X1 Carbon Gen 10,Core i5-1235,,Intel Iris Xe Graphics Integrated Shared DirectX,8,,Intel SoC,,,,1.0,1.0,,14,"WLAN + BluetoothÆ **[2]
Intel Wi-FiÆ 6 AX201, 802.11ax 2x2 Wi-Fi",,1.0,Yes,touchpad,FHD 1080p,Wi-Fi 6E,Bluetooth 5.1,Fedora Linux [1],209
ThinkPad X1 Extreme Gen 5,,,NVIDIA,4,,Intel SoC,170.0,,,1.0,1.0,,16,"WLAN + BluetoothÆ [2]
Intel Wi-FiÆ 6E AX211, 802.11ax 2x2 Wi-Fi",,1.0,Yes,touchpad,FHD 1080p,Wi-Fi 6E,Bluetooth 5.1,Linux [1],314
ThinkPad X1 Fold 16 Gen 1,Core i5-1230,,Intel Iris Xe Graphics Integrated Shared DirectX,8,,Intel SoC,65.0,,,1.0,,,3,"WLAN + Bluetooth [2]
Intel Wi-FiÆ 6E AX211, 802.11ax 2x2 Wi-Fi",,,Yes,,,Wi-Fi 6E,Bluetooth TrackPoint,WindowsÆ 11 Home,154
ThinkPad X1 Nano Gen 2,Core i5-1240,,Intel Iris Xe Graphics Integrated Shared Share CPU TDP DirectX,16,,Intel SoC,65.0,,,,,,13,"WLAN + BluetoothÆ [2]
Intel Wi-FiÆ 6E AX211, 802.11ax 2x2 Wi-Fi",,1.0,Yes,touchpad,FHD 1080p,Wi-Fi 6E,Bluetooth 5.1,Linux [1],217
ThinkPad X1 Yoga Gen 7,Core i5-1235,,Intel Iris Xe Graphics Integrated Shared Share CPU TDP DirectX,8,,Intel SoC,,,,1.0,1.0,,14,"WLAN + BluetoothÆ **[2]
Intel Wi-FiÆ 6 AX201, 802.11ax 2x2 Wi-Fi",,1.0,Yes,touchpad,FHD 1080p,Wi-Fi 6E,Bluetooth 5.1,Linux [1],416
ThinkPad Z13 Gen 1,,,AMD Radeon 660M Integrated Shared DirectX,16,,AMD SoC,65.0,,,2.0,,,3,"WLAN + BluetoothÆ [2]
QualcommÆ Wi-FiÆ 6E NFA725A, 802.11ax 2x2 Wi-Fi",,1.0,,,FHD 1080p,Wi-Fi 6E,Bluetooth 5.1,Fedora Linux [1],216
ThinkPad Z16 Gen 1,,,AMD Radeon 660M Integrated Shared DirectX,4,,AMD SoC,,,,1.0,,,16,"WLAN + BluetoothÆ [2]
QualcommÆ Wi-FiÆ 6E NFA725A, 802.11ax 2x2 Wi-Fi",,1.0,,,FHD 1080p,Wi-Fi 6E,Bluetooth 5.1,Fedora Linux [1],245
