Filename,Commercial Name,Use location,Final manufacturing location,Lifetime,Use energy demand,Product weight,Screen size,PCF,Manufacturing,Distribution,Use,End of Life,Mainboard and other boards,Chassis,Solid State Drive (SSD),Power Supply Unit & External Cables,Others*,External components (Keyboard & Mouse),Packaging,Batteries,ODD,Hard Drive (HDD),Display,Unnamed: 24,Manufacturing2,Mainboard and other boards2,Chassis2,Solid State Drive (SSD)2,Power Supply Unit & External Cables2,Others*2,External components (Keyboard & Mouse)2,Packaging2,Batteries2,ODD2,Hard Drive (HDD)2,Display2,Filename_Specs,Processor Cores,Memory,SSD,SSD Brand,Power,OS,Graphics,Audio,Unnamed: 10,Unnamed: 11,Unnamed: 12,Unnamed: 13
c07525117.pdf,EliteBook 855 G7,North America,China,4,14.1,2.1,15.6,190,0.77,0.07,0.16,,0.4,0.09,0.2,0.03,0.02,,0.01,0.04,,,0.22,,146.3,58.52,13.167,29.26,4.389,2.926,,1.463,5.852,,,32.186,4AA7-7765ENUC.pdf,4,32,128,M.2 SATA SSD TLC,65,Windows 10 Pro 64,"AMD Ryzen™ 5 PRO 4650U with Radeon™ Graphics (2.1 GHz base clock, up to 4.0 GHz max boost clock, 8 MB L3 cache, 6 cores)","Audio by Bang & Olufsen, dual stereo speakers, 3 multi array microphone",,,,
c08468414.pdf,HP Spectre x360 2-in-1 Laptop 14t-ef ENERGY STAR,North America,China,4,18.39,1.6,13.5,482,0.88,0.04,0.08,,0.356,0.019,0.521,0.009,0.007,,0.005,0.016,,,0.065,,424.16,151.00096,8.05904,220.98736,3.81744,2.96912,,2.1208,6.78656,,,27.5704,c08858059.pdf,16,16,1000,PCIe® Gen4 NVMe™ TLC M.2 SSD,65,Windows 11 Home,Integrated: Intel® Arc™ Graphics,,DTS:X® Ultra, Quad speakers, HP Audio Boost, Poly Studio
c08079481.pdf,HP ProBook 445 14 inch G9 Notebook PC,North America,China,4,13.93,1.7,15.6,185,0.77,0.07,0.16,,0.211,0.079,0.4,0.027,0.022,,0.004,0.032,,,0.226,,142.45,30.05695,11.25355,56.98,3.84615,3.1339,,0.5698,4.5584,,,32.1937,4AA7-6752ENUC.pdf,4,32,128,M.2 SATA SSD TLC,65,Windows 10 Pro 64 – HP recommends Windows 10 Pro for business,"AMD Ryzen™ 5 4500U with Radeon™ Graphics (2.3 GHz base clock, up to 4.0 GHz max boost clock, 8 MB L3 cache, 6 cores)","Stereo speakers, integrated microphone (mono or dual array)",,,,
c08146376.pdf,HP Elite Mini 600 G9 Desktop PC,North America,China,5,54.03,2.4,,282,0.48,,0.52,,0.441,0.031,0.419,0.04,0.037,0.027,0.004,,,,,,135.36,59.69376,4.19616,56.71584,5.4144,5.00832,3.65472,0.54144,,,,,c08015285.pdf,,128,256,TLC M.2 SSD only available with 12th gen CPUs.,260,Windows 11 Pro,"Intel® Celeron® G6900 with Intel® UHD Graphics (3.4 GHz P-core base frequency, 4 MB L3 cache, 2 P-cores, 2 threads)","Realtek ALC3252 codec, universal audio jack with CTIA and OMTP headset support",,,,
c07525216.pdf,HP Z6 G4 Workstation,North America,China,5,165.28,14.8,,754,0.4,,0.59,0.01,0.355,0.23,0.187,0.154,0.052,,0.007,,,,,,301.6,107.068,69.368,56.3992,46.4464,15.6832,,2.1112,,,,,4AA7-0828ENUC.pdf,4,512,240,HP Z Turbo Drive Dual Pro PCIe® SSD,1000,Windows 10 Pro for Workstations 64 - HP recommends Windows 10 Pro,Entry 3D: NVIDIA® Quadro® P400 (2 GB GDDR5 dedicated), NVIDIA® T600 (4 GB GDDR6 dedicated), NVIDIA® T400 (2 GB GDDR6 dedicated),Integrated Realtek HD ALC221,,
c08278487.pdf,HP Elite c645 14 inch G2 Chromebook,North America,China,4,16.49,1.9,14,212,0.77,0.06,0.17,,0.343,0.055,0.349,0.02,0.019,,0.003,0.034,,,0.176,,163.24,55.99132,8.9782,56.97076,3.2648,3.10156,,0.48972,5.55016,,,28.73024,c08180802.pdf,4,16,128,PCIe® NVMe™ M.2 SSD,65,,threads),Olufsen. The included Chrome Enterprise Upgrade  provides simple management and,,,,
c07525061.pdf,HP EliteBook 840 G8 Notebook PC ENERGY STAR,North America,China,4,20.04,1.7,14,210,0.74,0.05,0.21,,0.31,0.05,0.37,0.03,0.02,,0.004,0.03,,,0.19,,155.4,48.174,7.77,57.498,4.662,3.108,,0.6216,4.662,,,29.526,4AA7-8959ENUC.pdf,4,64,128,PCIe® NVMe™ Value M.2 SSD,65,Windows 10 Pro 64 – HP recommends Windows 10 Pro for business,Integrated: Intel® Iris® Xᵉ Graphics,"Audio by Bang & Olufsen, dual stereo speakers, 3 multi array microphone",,,,
c08170566.pdf,HP Elite SFF 800 G9 Desktop PC,North America,China,5,97.1,6.1,,643,0.59,,0.41,,0.262,0.051,0.58,0.034,0.018,0.01,0.005,,,0.035,,,379.37,99.39494,19.34787,220.0346,12.89858,6.82866,3.7937,1.89685,,,13.27795,,c08015285.pdf,,128,256,TLC M.2 SSD only available with 12th gen CPUs.,260,Windows 11 Pro,"Intel® Celeron® G6900 with Intel® UHD Graphics (3.4 GHz P-core base frequency, 4 MB L3 cache, 2 P-cores, 2 threads)","Realtek ALC3252 codec, universal audio jack with CTIA and OMTP headset support",,,,
c08680533.pdf,HP EliteBook 845 14 inch G10 Notebook PC ENERGY STAR,North America,China,4,18.66,1.7,14,260,0.8,0.04,0.16,,0.47,0.05,0.28,0.02,0.02,,0.003,0.02,,,0.14,,208,97.76,10.4,58.24,4.16,4.16,,0.624,4.16,,,29.12,c08547125.pdf,4,64,256,PCIe® NVMe™ Value M.2 SSD,65,Windows 11 Pro,"AMD Ryzen™ 5 7540U with AMD Radeon™ Graphics (3.5 GHz base clock, up to 4.9 GHz max boost clock, 16 MB L3 cache, 6 cores, 12 threads)",Protected by HP Wolf,,,,
c08078070.pdf,HP Fortis 14” G10 Chromebook,North America,China,4,14.56,1.8,14,167,0.73,0.07,0.19,0.01,0.497,0.056,0.119,0.026,0.02,,0.004,0.043,,,0.233,,121.91,60.58927,6.82696,14.50729,3.16966,2.4382,,0.48764,5.24213,,,28.40503,c08829277.pdf,4,16,,,45,,Integrated: Intel® UHD Graphics,"Waves MaxxAudio®, dual speakers, dual array microphones",,,,
c08398207.pdf,HP ProOne 240 23.8 inch G9 All-in-One Desktop PC,North America,China,5,72.16,6.1,23.8,361,0.45,,0.54,0.01,0.251,0.101,0.176,0.024,0.04,0.021,0.014,,,,0.373,,162.45,40.77495,16.40745,28.5912,3.8988,6.498,3.41145,2.2743,,,,60.59385,c08086557.pdf,,64,256,PCIe® NVMe™ SED Opal 2 TLC M.2 SSD,120,Windows 11 Pro,Technology,"Realtek ALC3252 codec, internal speaker, combo microphone/headphone jack",,,,
c07524585.pdf,HP ProDesk 405 G6 Small Form Factor PC ENERGY STAR,North America,China,5,78.7,5.2,,465,0.54,,0.45,0.01,0.65,0.05,0.12,0.05,0.04,0.02,0.01,,0.01,0.06,,,251.1,163.215,12.555,30.132,12.555,10.044,5.022,2.511,,2.511,15.066,,4AA7-9247ENUC.pdf,4,64,128,PCIe® NVMe™ SED Opal 2 TLC M.2 SSD,180,Windows 10 Pro 64 – HP recommends Windows 10 Pro for business,"AMD Ryzen™ 5 PRO 3400G with Radeon™ Vega 11 Graphics (3.7 GHz base clock, up to 4.2 GHz max boost clock, 4 MB L3 cache, 4 cores)","Realtek ALC3205 codec, 2 W internal speaker, universal audio jack, combo microphone/headphone jack",,,,
c07989120.pdf,HP Fortis 11 inch G9 Chromebook Enterprise,North America,China,4,11.6,1.52,11,180,0.8,0.06,0.14,,0.308,0.039,0.397,0.043,0.017,,0.003,0.032,,,0.161,,144,44.352,5.616,57.168,6.192,2.448,,0.432,4.608,,,23.184,c08829278.pdf,4,16,,,45,,Integrated: Intel® UHD Graphics,"Waves MaxxAudio®, dual speakers, dual array microphones",,,,
c07525216.pdf,HP Z6 G4 Workstation,North America,China,5,165.28,14.8,,754,0.4,,0.59,0.01,0.355,0.23,0.187,0.154,0.052,,0.007,,,,,,301.6,107.068,69.368,56.3992,46.4464,15.6832,,2.1112,,,,,4AA7-0828ENUC.pdf,4,512,240,HP Z Turbo Drive Dual Pro PCIe® SSD,1000,Windows 10 Pro for Workstations 64 - HP recommends Windows 10 Pro,Entry 3D: NVIDIA® Quadro® P400 (2 GB GDDR5 dedicated), NVIDIA® T600 (4 GB GDDR6 dedicated), NVIDIA® T400 (2 GB GDDR6 dedicated),Integrated Realtek HD ALC221,,
c08295166.pdf,HP Pro Mini 400 G9 Desktop PC,North America,China,5,28.3776,2.4,,243,0.4,,0.59,0.01,0.471,0.051,0.295,0.056,0.051,0.038,0.006,0.001,,0.032,,,97.2,45.7812,4.9572,28.674,5.4432,4.9572,3.6936,0.5832,0.0972,,3.1104,,c08015293.pdf,,64,256,PCIe® NVMe™ SED Opal 2 TLC M.2 SSD,90,Windows 11 Pro,supports Intel® vPro® Technology,"Realtek ALC3252 codec, universal audio jack with CTIA and OMTP headset support",,,,
c08218907.pdf,HP EliteBook 830 G9 Notebook PC,North America,China,4,16.45,1.6,13.3,282,0.84,0.04,0.12,,0.319,0.046,0.468,0.014,0.013,,0.002,0.023,,,0.115,,236.88,75.56472,10.89648,110.85984,3.31632,3.07944,,0.47376,5.44824,,,27.2412,4AA7-9116ENUC.pdf,4,32,128,M.2 SATA SSD TLC,65,Windows 10 Pro 64 – HP recommends Windows 10 Pro for business,Integrated: Intel® Iris® Xᵉ Graphics,"Audio by Bang & Olufsen, dual stereo speakers, 3 multi array microphone",,,,
c07888371.pdf,HP Spectre x360 16 inch 2-in-1 Laptop PC,North America,China,4,26.41,2.8,16,264,0.69,0.09,0.21,0.01,0.271,0.108,0.313,0.05,0.024,,0.01,0.041,,,0.182,,182.16,49.36536,19.67328,57.01608,9.108,4.37184,,1.8216,7.46856,,,33.15312,c08858059.pdf,16,16,1000,PCIe® Gen4 NVMe™ TLC M.2 SSD,65,Windows 11 Home,Integrated: Intel® Arc™ Graphics,,DTS:X® Ultra, Quad speakers, HP Audio Boost, Poly Studio
c08360693.pdf,HP Chromebook x360 12b,North America,China,4,9.46,1.5,12,175,0.82,0.06,0.12,,0.326,0.037,0.394,0.023,0.016,,0.004,0.028,,,0.172,,143.5,46.781,5.3095,56.539,3.3005,2.296,,0.574,4.018,,,24.682,4AA7-3997ENUC.pdf,2,16,,,45,Chrome OS™,"Intel® Pentium® 4415U with Intel® HD Graphics 610 (2.3 GHz, 2 MB cache, 2 cores)",HD webcam.,,,,
c08424454.pdf,HP t640 Thin Client,North America,China,5,37.85,2,,192,0.46,,0.53,0.01,0.651,0.045,0.165,0.036,0.044,0.049,0.009,,,,,,88.32,57.49632,3.9744,14.5728,3.17952,3.88608,4.32768,0.79488,,,,,4AA7-2899ENUC.pdf,2,4,,,45,Windows 10 IoT Enterprise for Thin Clients,"Intel® Celeron® N4020 with Intel® UHD Graphics 600 (1.1 GHz base frequency, up to 2.8 GHz burst frequency, 4 MB L2 cache, 2 cores)",Headphone/microphone mini-jack,,,,
c08207985.pdf,HP Elite x360 1040 14 inch G9 2-in-1Notebook PC,North America,China,4,16.38,1.6,14,196,0.77,0.05,0.18,,0.431,0.108,0.191,0.026,0.02,,0.004,0.031,,,0.191,,150.92,65.04652,16.29936,28.82572,3.92392,3.0184,,0.60368,4.67852,,,28.82572,c08114571.pdf,10,16,256,PCIe® NVMe™ Value M.2 SSD,65,Windows 11 Pro,Integrated: Intel® Iris® Xᶱ Graphics,"Audio by Bang & Olufsen, dual stereo speakers, dual array world-facing microphones",,,,
c08488349.pdf,HP Pro x360 Fortis 11 inch G11 Notebook PC (ENERGY STAR),North America,China,4,11.59,1.7,11.6,374,0.9,0.03,0.07,,0.797,0.013,0.085,0.009,0.007,,0.001,0.016,,,0.071,,336.6,268.2702,4.3758,28.611,3.0294,2.3562,,0.3366,5.3856,,,23.8986,c08415747.pdf,4,16,256,PCIe® NVMe™ M.2 SSD,65,,Integrated: Intel® UHD Graphics,"Dual stereo speakers, dual array microphones",,,,
c08559304.pdf,HP ProBook 440 14 inch G10 Notebook PC ENERGY STAR,North America,China,4,23.89,1.7,14,175,0.65,0.06,0.29,,0.32,0.061,0.254,0.034,0.031,,0.005,0.041,,,0.254,,113.75,36.4,6.93875,28.8925,3.8675,3.52625,,0.56875,4.66375,,,28.8925,c08488496.pdf,,32,128,PCIe® NVMe™ Value SSD,65,Windows 11 Pro,long battery life. Easily upgrade,"Dual stereo speakers, dual array microphones",,,,
c07525212.pdf,HP Z4 G4 Workstation,North America,China,5,117.1,12.04,,567,0.44,,0.55,0.01,0.418,0.206,0.229,0.073,0.047,0.018,0.009,,,,,,249.48,104.28264,51.39288,57.13092,18.21204,11.72556,4.49064,2.24532,,,,,4AA7-0828ENUC.pdf,4,512,240,HP Z Turbo Drive Dual Pro PCIe® SSD,1000,Windows 10 Pro for Workstations 64 - HP recommends Windows 10 Pro,Entry 3D: NVIDIA® Quadro® P400 (2 GB GDDR5 dedicated), NVIDIA® T600 (4 GB GDDR6 dedicated), NVIDIA® T400 (2 GB GDDR6 dedicated),Integrated Realtek HD ALC221,,
c08738080.pdf,HP t638 Thin Client,North America,China,5,25.62,2.2,,150,0.54,,0.45,0.01,0.6,0.07,0.18,0.04,0.05,0.05,0.01,,,,,,81,48.6,5.67,14.58,3.24,4.05,4.05,0.81,,,,,4AA7-2899ENUC.pdf,2,4,,,45,Windows 10 IoT Enterprise for Thin Clients,"Intel® Celeron® N4020 with Intel® UHD Graphics 600 (1.1 GHz base frequency, up to 2.8 GHz burst frequency, 4 MB L2 cache, 2 cores)",Headphone/microphone mini-jack,,,,
c08060140.pdf,OMEN by HP 25L Gaming Desktop PC GT15 ENERGY STAR,North America,China,5,112.47,11.9,,680,0.55,,0.44,0.01,0.235,0.08,0.593,0.042,0.028,0.01,0.011,,,,,,374,87.89,29.92,221.782,15.708,10.472,3.74,4.114,,,,,c08379433.pdf,12,16,512,WD Black PCIe® NVMe™ TLC M.2 SSD,600,Windows 11 Home,Integrated: Intel® UHD Graphics 770,5.1 surround sound, Omen Audio Control Support DTS:X® Ultra,,,
c08482389.pdf,HP EliteBook 1040 14  inch G9 Notebook PC,North America,China,4,21.16,1.5,14,234,0.77,0.04,0.19,,0.373,0.085,0.318,0.018,0.017,,0.003,0.025,,,0.16,,180.18,67.20714,15.3153,57.29724,3.24324,3.06306,,0.54054,4.5045,,,28.8288,4AA7-9109ENUC.pdf,4,64,128,PCIe® Gen3x2 NVMe™ M.2 SSD TLC,65,Windows 10 Pro 64 – HP recommends Windows 10 Pro for business,Integrated: Intel® Iris® Xᵉ Graphics,"Audio by Bang & Olufsen, dual stereo speakers, 3 multi array microphone",,,,
c08579853.pdf,HP EliteBook 830 13 inch G10 Notebook PC ENERGY STAR,North America,China,4,16.45,1.7,13.3,225,0.79,0.05,0.16,,0.423,0.029,0.317,0.022,0.019,,0.003,0.031,,,0.156,,177.75,75.18825,5.15475,56.34675,3.9105,3.37725,,0.53325,5.51025,,,27.729,c08547123.pdf,4,32,256,PCIe® NVMe™ Value M.2 SSD,65,Windows 11 Pro,"AMD Ryzen™ 5 7540U with AMD Radeon™ Graphics (3.5 GHz base clock, up to 4.9 GHz max boost clock, 16 MB L3 cache, 6 cores, 12 threads)",Protected by HP Wolf,,,,
c08079481.pdf,HP ProBook 445 14 inch G9 Notebook PC,North America,China,4,13.93,1.7,15.6,185,0.77,0.07,0.16,,0.211,0.079,0.4,0.027,0.022,,0.004,0.032,,,0.226,,142.45,30.05695,11.25355,56.98,3.84615,3.1339,,0.5698,4.5584,,,32.1937,4AA7-6752ENUC.pdf,4,32,128,M.2 SATA SSD TLC,65,Windows 10 Pro 64 – HP recommends Windows 10 Pro for business,"AMD Ryzen™ 5 4500U with Radeon™ Graphics (2.3 GHz base clock, up to 4.0 GHz max boost clock, 8 MB L3 cache, 6 cores)","Stereo speakers, integrated microphone (mono or dual array)",,,,
c07836073.pdf,OMEN by HP 40L Gaming Desktop PC GT21,North America,China,5,131.79,14.7,,654,0.45,,0.54,0.01,0.47,0.139,0.194,0.121,0.042,,0.019,0.001,,,,,294.3,138.321,40.9077,57.0942,35.6103,12.3606,,5.5917,0.2943,,,,c08379433.pdf,12,16,512,WD Black PCIe® NVMe™ TLC M.2 SSD,600,Windows 11 Home,Integrated: Intel® UHD Graphics 770,5.1 surround sound, Omen Audio Control Support DTS:X® Ultra,,,
c08218907.pdf,HP EliteBook 830 G9 Notebook PC,North America,China,4,16.45,1.6,13.3,282,0.84,0.04,0.12,,0.319,0.046,0.468,0.014,0.013,,0.002,0.023,,,0.115,,236.88,75.56472,10.89648,110.85984,3.31632,3.07944,,0.47376,5.44824,,,27.2412,4AA7-9116ENUC.pdf,4,32,128,M.2 SATA SSD TLC,65,Windows 10 Pro 64 – HP recommends Windows 10 Pro for business,Integrated: Intel® Iris® Xᵉ Graphics,"Audio by Bang & Olufsen, dual stereo speakers, 3 multi array microphone",,,,